State,ZipCode,TaxRegionName,EstimatedCombinedRate,StateRate,EstimatedCountyRate,EstimatedCityRate,EstimatedSpecialRate,RiskLevel
OH,43001,ALEXANDRIA,0.072500,0.057500,0.015000,0.000000,0.000000,0
OH,43002,DUBLIN COTA,0.080000,0.057500,0.012500,0.000000,0.010000,0
OH,43003,MORROW,0.072500,0.057500,0.015000,0.000000,0.000000,0
OH,43004,FRANKLIN,0.080000,0.057500,0.012500,0.000000,0.010000,0
OH,43005,KNOX,0.072500,0.057500,0.015000,0.000000,0.000000,0
OH,43006,COSHOCTON,0.077500,0.057500,0.020000,0.000000,0.000000,0
OH,43007,UNION,0.070000,0.057500,0.012500,0.000000,0.000000,0
OH,43008,BUCKEYE LAKE,0.072500,0.057500,0.015000,0.000000,0.000000,0
OH,43009,CHAMPAIGN,0.072500,0.057500,0.015000,0.000000,0.000000,0
OH,43010,CATAWBA,0.072500,0.057500,0.015000,0.000000,0.000000,0
OH,43011,CENTERBURG,0.072500,0.057500,0.015000,0.000000,0.000000,0
OH,43013,HARTFORD,0.072500,0.057500,0.015000,0.000000,0.000000,0
OH,43014,COSHOCTON,0.077500,0.057500,0.020000,0.000000,0.000000,0
OH,43015,JEROME VILLAGE COMMUNITY AUTHORITY,0.070000,0.057500,0.012500,0.000000,0.000000,0
OH,43016,FRANKLIN,0.080000,0.057500,0.012500,0.000000,0.010000,0
OH,43017,DUBLIN COTA,0.080000,0.057500,0.012500,0.000000,0.010000,0
OH,43018,LICKING,0.072500,0.057500,0.015000,0.000000,0.000000,0
OH,43019,CHESTERVILLE,0.072500,0.057500,0.015000,0.000000,0.000000,0
OH,43021,GALENA,0.070000,0.057500,0.012500,0.000000,0.000000,0
OH,43022,GAMBIER,0.072500,0.057500,0.015000,0.000000,0.000000,0
OH,43023,GRANVILLE,0.072500,0.057500,0.015000,0.000000,0.000000,0
OH,43025,HEBRON,0.072500,0.057500,0.015000,0.000000,0.000000,0
OH,43026,FRANKLIN,0.080000,0.057500,0.012500,0.000000,0.010000,0
OH,43027,LICKING,0.072500,0.057500,0.015000,0.000000,0.000000,0
OH,43028,COSHOCTON,0.077500,0.057500,0.020000,0.000000,0.000000,0
OH,43029,MADISON,0.070000,0.057500,0.012500,0.000000,0.000000,0
OH,43030,LICKING,0.072500,0.057500,0.015000,0.000000,0.000000,0
OH,43031,JOHNSTOWN,0.072500,0.057500,0.015000,0.000000,0.000000,0
OH,43033,KIRKERSVILLE,0.072500,0.057500,0.015000,0.000000,0.000000,0
OH,43035,DELAWARE,0.080000,0.057500,0.012500,0.000000,0.010000,0
OH,43036,MAGNETIC SPRINGS,0.070000,0.057500,0.012500,0.000000,0.000000,0
OH,43037,MARTINSBURG,0.072500,0.057500,0.015000,0.000000,0.000000,0
OH,43040,UNION,0.070000,0.057500,0.012500,0.000000,0.000000,0
OH,43041,MARYSVILLE,0.070000,0.057500,0.012500,0.000000,0.000000,0
OH,43044,CATAWBA,0.072500,0.057500,0.015000,0.000000,0.000000,0
OH,43045,CHAMPAIGN,0.072500,0.057500,0.015000,0.000000,0.000000,0
OH,43046,KIRKERSVILLE,0.072500,0.057500,0.015000,0.000000,0.000000,0
OH,43047,CHAMPAIGN,0.072500,0.057500,0.015000,0.000000,0.000000,0
OH,43048,KNOX,0.072500,0.057500,0.015000,0.000000,0.000000,0
OH,43050,MOUNT VERNON,0.072500,0.057500,0.015000,0.000000,0.000000,0
OH,43054,NEW ALBANY,0.080000,0.057500,0.012500,0.000000,0.010000,0
OH,43055,GRANVILLE,0.072500,0.057500,0.015000,0.000000,0.000000,0
OH,43056,GRATIOT,0.072500,0.057500,0.015000,0.000000,0.000000,0
OH,43058,NEWARK,0.072500,0.057500,0.015000,0.000000,0.000000,0
OH,43060,NORTH LEWISBURG,0.072500,0.057500,0.015000,0.000000,0.000000,0
OH,43061,OSTRANDER,0.070000,0.057500,0.012500,0.000000,0.000000,0
OH,43062,LICKING,0.082500,0.057500,0.015000,0.000000,0.010000,0
OH,43064,DUBLIN COTA,0.080000,0.057500,0.012500,0.000000,0.010000,0
OH,43065,FRANKLIN,0.080000,0.057500,0.012500,0.000000,0.010000,0
OH,43066,DELAWARE,0.070000,0.057500,0.012500,0.000000,0.000000,0
OH,43067,UNION,0.070000,0.057500,0.012500,0.000000,0.000000,0
OH,43068,LICKING,0.082500,0.057500,0.015000,0.000000,0.010000,0
OH,43069,FRANKLIN,0.080000,0.057500,0.012500,0.000000,0.010000,0
OH,43070,CHAMPAIGN,0.072500,0.057500,0.015000,0.000000,0.000000,0
OH,43071,SAINT LOUISVILLE,0.072500,0.057500,0.015000,0.000000,0.000000,0
OH,43072,SAINT PARIS,0.072500,0.057500,0.015000,0.000000,0.000000,0
OH,43073,PATASKALA,0.072500,0.057500,0.015000,0.000000,0.000000,0
OH,43074,LICKING,0.072500,0.057500,0.015000,0.000000,0.000000,0
OH,43076,THORNVILLE,0.072500,0.057500,0.015000,0.000000,0.000000,0
OH,43077,UNIONVILLE CENTER,0.070000,0.057500,0.012500,0.000000,0.000000,0
OH,43078,CHAMPAIGN,0.072500,0.057500,0.015000,0.000000,0.000000,0
OH,43080,MARTINSBURG,0.072500,0.057500,0.015000,0.000000,0.000000,0
OH,43081,WESTERVILLE COTA,0.080000,0.057500,0.012500,0.000000,0.010000,0
OH,43082,WESTERVILLE COTA,0.080000,0.057500,0.012500,0.000000,0.010000,0
OH,43083,CHAMPAIGN,0.072500,0.057500,0.015000,0.000000,0.000000,0
OH,43084,WOODSTOCK,0.072500,0.057500,0.015000,0.000000,0.000000,0
OH,43085,RIVERLEA,0.080000,0.057500,0.012500,0.000000,0.010000,0
OH,43086,WESTERVILLE COTA,0.080000,0.057500,0.012500,0.000000,0.010000,0
OH,43093,NEWARK,0.072500,0.057500,0.015000,0.000000,0.000000,0
OH,43101,ADELPHI,0.072500,0.057500,0.015000,0.000000,0.000000,0
OH,43102,HOCKING,0.072500,0.057500,0.015000,0.000000,0.000000,0
OH,43103,ASHVILLE,0.072500,0.057500,0.015000,0.000000,0.000000,0
OH,43105,LICKING,0.072500,0.057500,0.015000,0.000000,0.000000,0
OH,43106,FAYETTE,0.072500,0.057500,0.015000,0.000000,0.000000,0
OH,43107,HOCKING,0.072500,0.057500,0.015000,0.000000,0.000000,0
OH,43109,FRANKLIN,0.080000,0.057500,0.012500,0.000000,0.010000,0
OH,43110,PICKERINGTON,0.080000,0.057500,0.012500,0.000000,0.010000,0
OH,43111,HOCKING,0.072500,0.057500,0.015000,0.000000,0.000000,0
OH,43112,FAIRFIELD,0.067500,0.057500,0.010000,0.000000,0.000000,0
OH,43113,CIRCLEVILLE,0.072500,0.057500,0.015000,0.000000,0.000000,0
OH,43115,CLARKSBURG,0.072500,0.057500,0.015000,0.000000,0.000000,0
OH,43116,COMMERCIAL POINT,0.072500,0.057500,0.015000,0.000000,0.000000,0
OH,43117,PICKAWAY,0.072500,0.057500,0.015000,0.000000,0.000000,0
OH,43119,FRANKLIN,0.080000,0.057500,0.012500,0.000000,0.010000,0
OH,43123,FRANKLIN,0.080000,0.057500,0.012500,0.000000,0.010000,0
OH,43125,OBETZ,0.080000,0.057500,0.012500,0.000000,0.010000,0
OH,43126,HARRISBURG,0.080000,0.057500,0.012500,0.000000,0.010000,0
OH,43127,HOCKING,0.072500,0.057500,0.015000,0.000000,0.000000,0
OH,43128,JEFFERSONVILLE,0.072500,0.057500,0.015000,0.000000,0.000000,0
OH,43130,HOCKING,0.072500,0.057500,0.015000,0.000000,0.000000,0
OH,43135,HOCKING,0.072500,0.057500,0.015000,0.000000,0.000000,0
OH,43136,LITHOPOLIS,0.067500,0.057500,0.010000,0.000000,0.000000,0
OH,43137,OBETZ,0.080000,0.057500,0.012500,0.000000,0.010000,0
OH,43138,HOCKING,0.072500,0.057500,0.015000,0.000000,0.000000,0
OH,43140,FRANKLIN,0.080000,0.057500,0.012500,0.000000,0.010000,0
OH,43142,MILLEDGEVILLE,0.072500,0.057500,0.015000,0.000000,0.000000,0
OH,43143,PICKAWAY,0.072500,0.057500,0.015000,0.000000,0.000000,0
OH,43144,MURRAY CITY,0.072500,0.057500,0.015000,0.000000,0.000000,0
OH,43145,FAYETTE,0.072500,0.057500,0.015000,0.000000,0.000000,0
OH,43146,HARRISBURG,0.080000,0.057500,0.012500,0.000000,0.010000,0
OH,43147,PICKERINGTON,0.080000,0.057500,0.012500,0.000000,0.010000,0
OH,43148,PERRY,0.072500,0.057500,0.015000,0.000000,0.000000,0
OH,43149,HOCKING,0.072500,0.057500,0.015000,0.000000,0.000000,0
OH,43150,PERRY,0.072500,0.057500,0.015000,0.000000,0.000000,0
OH,43151,MIDWAY,0.070000,0.057500,0.012500,0.000000,0.000000,0
OH,43152,HOCKING,0.072500,0.057500,0.015000,0.000000,0.000000,0
OH,43153,FAYETTE,0.072500,0.057500,0.015000,0.000000,0.000000,0
OH,43154,TARLTON,0.072500,0.057500,0.015000,0.000000,0.000000,0
OH,43155,HOCKING,0.072500,0.057500,0.015000,0.000000,0.000000,0
OH,43156,TARLTON,0.072500,0.057500,0.015000,0.000000,0.000000,0
OH,43157,THURSTON,0.067500,0.057500,0.010000,0.000000,0.000000,0
OH,43158,HOCKING,0.072500,0.057500,0.015000,0.000000,0.000000,0
OH,43160,WASHINGTON COURT HOUSE,0.072500,0.057500,0.015000,0.000000,0.000000,0
OH,43162,MADISON,0.070000,0.057500,0.012500,0.000000,0.000000,0
OH,43164,PICKAWAY,0.072500,0.057500,0.015000,0.000000,0.000000,0
OH,43165,PICKAWAY,0.072500,0.057500,0.015000,0.000000,0.000000,0
OH,43194,OBETZ,0.080000,0.057500,0.012500,0.000000,0.010000,0
OH,43195,GROVEPORT,0.080000,0.057500,0.012500,0.000000,0.010000,0
OH,43199,GROVEPORT,0.080000,0.057500,0.012500,0.000000,0.010000,0
OH,43201,FRANKLIN,0.080000,0.057500,0.012500,0.000000,0.010000,0
OH,43202,FRANKLIN,0.080000,0.057500,0.012500,0.000000,0.010000,0
OH,43203,FRANKLIN,0.080000,0.057500,0.012500,0.000000,0.010000,0
OH,43204,MARBLE CLIFF,0.080000,0.057500,0.012500,0.000000,0.010000,0
OH,43205,FRANKLIN,0.080000,0.057500,0.012500,0.000000,0.010000,0
OH,43206,FRANKLIN,0.080000,0.057500,0.012500,0.000000,0.010000,0
OH,43207,OBETZ,0.080000,0.057500,0.012500,0.000000,0.010000,0
OH,43209,FRANKLIN,0.080000,0.057500,0.012500,0.000000,0.010000,0
OH,43210,FRANKLIN,0.080000,0.057500,0.012500,0.000000,0.010000,0
OH,43211,FRANKLIN,0.080000,0.057500,0.012500,0.000000,0.010000,0
OH,43212,GRANDVIEW HEIGHTS,0.080000,0.057500,0.012500,0.000000,0.010000,0
OH,43213,FRANKLIN,0.080000,0.057500,0.012500,0.000000,0.010000,0
OH,43214,FRANKLIN,0.080000,0.057500,0.012500,0.000000,0.010000,0
OH,43215,GRANDVIEW HEIGHTS,0.080000,0.057500,0.012500,0.000000,0.010000,0
OH,43216,FRANKLIN,0.080000,0.057500,0.012500,0.000000,0.010000,0
OH,43217,FRANKLIN,0.080000,0.057500,0.012500,0.000000,0.010000,0
OH,43218,FRANKLIN,0.080000,0.057500,0.012500,0.000000,0.010000,0
OH,43219,FRANKLIN,0.080000,0.057500,0.012500,0.000000,0.010000,0
OH,43220,UPPER ARLINGTON,0.080000,0.057500,0.012500,0.000000,0.010000,0
OH,43221,UPPER ARLINGTON,0.080000,0.057500,0.012500,0.000000,0.010000,0
OH,43222,WESTERVILLE COTA,0.080000,0.057500,0.012500,0.000000,0.010000,0
OH,43223,FRANKLIN,0.080000,0.057500,0.012500,0.000000,0.010000,0
OH,43224,FRANKLIN,0.080000,0.057500,0.012500,0.000000,0.010000,0
OH,43226,FRANKLIN,0.080000,0.057500,0.012500,0.000000,0.010000,0
OH,43227,FRANKLIN,0.080000,0.057500,0.012500,0.000000,0.010000,0
OH,43228,FRANKLIN,0.080000,0.057500,0.012500,0.000000,0.010000,0
OH,43229,FRANKLIN,0.080000,0.057500,0.012500,0.000000,0.010000,0
OH,43230,UPPER ARLINGTON,0.080000,0.057500,0.012500,0.000000,0.010000,0
OH,43231,MINERVA PARK,0.080000,0.057500,0.012500,0.000000,0.010000,0
OH,43232,FRANKLIN,0.080000,0.057500,0.012500,0.000000,0.010000,0
OH,43234,FRANKLIN,0.080000,0.057500,0.012500,0.000000,0.010000,0
OH,43235,FRANKLIN,0.080000,0.057500,0.012500,0.000000,0.010000,0
OH,43236,FRANKLIN,0.080000,0.057500,0.012500,0.000000,0.010000,0
OH,43240,DELAWARE,0.080000,0.057500,0.012500,0.000000,0.010000,0
OH,43251,FRANKLIN,0.080000,0.057500,0.012500,0.000000,0.010000,0
OH,43260,FRANKLIN,0.080000,0.057500,0.012500,0.000000,0.010000,0
OH,43266,FRANKLIN,0.080000,0.057500,0.012500,0.000000,0.010000,0
OH,43268,FRANKLIN,0.080000,0.057500,0.012500,0.000000,0.010000,0
OH,43270,FRANKLIN,0.080000,0.057500,0.012500,0.000000,0.010000,0
OH,43271,FRANKLIN,0.080000,0.057500,0.012500,0.000000,0.010000,0
OH,43272,FRANKLIN,0.080000,0.057500,0.012500,0.000000,0.010000,0
OH,43279,FRANKLIN,0.080000,0.057500,0.012500,0.000000,0.010000,0
OH,43287,FRANKLIN,0.080000,0.057500,0.012500,0.000000,0.010000,0
OH,43291,FRANKLIN,0.080000,0.057500,0.012500,0.000000,0.010000,0
OH,43301,MARION,0.072500,0.057500,0.015000,0.000000,0.000000,0
OH,43302,CLARIDON TOWNSHIP,0.072500,0.057500,0.015000,0.000000,0.000000,0
OH,43310,BELLE CENTER,0.072500,0.057500,0.015000,0.000000,0.000000,0
OH,43311,BELLEFONTAINE,0.072500,0.057500,0.015000,0.000000,0.000000,0
OH,43314,CALEDONIA,0.072500,0.057500,0.015000,0.000000,0.000000,0
OH,43315,MORROW,0.072500,0.057500,0.015000,0.000000,0.000000,0
OH,43316,CAREY,0.072500,0.057500,0.015000,0.000000,0.000000,0
OH,43317,CHESTERVILLE,0.072500,0.057500,0.015000,0.000000,0.000000,0
OH,43318,DE GRAFF,0.072500,0.057500,0.015000,0.000000,0.000000,0
OH,43319,LOGAN,0.072500,0.057500,0.015000,0.000000,0.000000,0
OH,43320,EDISON,0.072500,0.057500,0.015000,0.000000,0.000000,0
OH,43321,FULTON,0.072500,0.057500,0.015000,0.000000,0.000000,0
OH,43322,GREEN CAMP,0.072500,0.057500,0.015000,0.000000,0.000000,0
OH,43323,HARPSTER,0.072500,0.057500,0.015000,0.000000,0.000000,0
OH,43324,HUNTSVILLE,0.072500,0.057500,0.015000,0.000000,0.000000,0
OH,43325,MORROW,0.072500,0.057500,0.015000,0.000000,0.000000,0
OH,43326,KENTON,0.072500,0.057500,0.015000,0.000000,0.000000,0
OH,43330,KIRBY,0.072500,0.057500,0.015000,0.000000,0.000000,0
OH,43331,LAKEVIEW,0.072500,0.057500,0.015000,0.000000,0.000000,0
OH,43332,LARUE,0.072500,0.057500,0.015000,0.000000,0.000000,0
OH,43333,LOGAN,0.072500,0.057500,0.015000,0.000000,0.000000,0
OH,43334,MORROW,0.072500,0.057500,0.015000,0.000000,0.000000,0
OH,43335,MARION,0.072500,0.057500,0.015000,0.000000,0.000000,0
OH,43336,LOGAN,0.072500,0.057500,0.015000,0.000000,0.000000,0
OH,43337,MARION,0.072500,0.057500,0.015000,0.000000,0.000000,0
OH,43338,CHESTERVILLE,0.072500,0.057500,0.015000,0.000000,0.000000,0
OH,43340,MOUNT VICTORY,0.072500,0.057500,0.015000,0.000000,0.000000,0
OH,43341,NEW BLOOMINGTON,0.072500,0.057500,0.015000,0.000000,0.000000,0
OH,43342,PROSPECT,0.072500,0.057500,0.015000,0.000000,0.000000,0
OH,43343,QUINCY,0.072500,0.057500,0.015000,0.000000,0.000000,0
OH,43344,MARION,0.072500,0.057500,0.015000,0.000000,0.000000,0
OH,43345,MOUNT VICTORY,0.072500,0.057500,0.015000,0.000000,0.000000,0
OH,43346,HARDIN,0.072500,0.057500,0.015000,0.000000,0.000000,0
OH,43347,RUSHSYLVANIA,0.072500,0.057500,0.015000,0.000000,0.000000,0
OH,43348,RUSSELLS POINT,0.072500,0.057500,0.015000,0.000000,0.000000,0
OH,43349,MORROW,0.072500,0.057500,0.015000,0.000000,0.000000,0
OH,43350,SPARTA,0.072500,0.057500,0.015000,0.000000,0.000000,0
OH,43351,WYANDOT,0.072500,0.057500,0.015000,0.000000,0.000000,0
OH,43356,WALDO,0.072500,0.057500,0.015000,0.000000,0.000000,0
OH,43357,WEST LIBERTY,0.072500,0.057500,0.015000,0.000000,0.000000,0
OH,43358,WEST MANSFIELD,0.072500,0.057500,0.015000,0.000000,0.000000,0
OH,43359,WHARTON,0.072500,0.057500,0.015000,0.000000,0.000000,0
OH,43360,VALLEY HI,0.072500,0.057500,0.015000,0.000000,0.000000,0
OH,43402,WOOD,0.067500,0.057500,0.010000,0.000000,0.000000,0
OH,43403,BOWLING GREEN,0.067500,0.057500,0.010000,0.000000,0.000000,0
OH,43405,NORTHWOOD,0.067500,0.057500,0.010000,0.000000,0.000000,0
OH,43406,SANDUSKY,0.072500,0.057500,0.015000,0.000000,0.000000,0
OH,43407,BURGOON,0.072500,0.057500,0.015000,0.000000,0.000000,0
OH,43408,CLAY CENTER,0.070000,0.057500,0.012500,0.000000,0.000000,0
OH,43410,CLYDE,0.072500,0.057500,0.015000,0.000000,0.000000,0
OH,43412,LUCAS,0.077500,0.057500,0.015000,0.000000,0.005000,0
OH,43413,CYGNET,0.067500,0.057500,0.010000,0.000000,0.000000,0
OH,43414,WOOD,0.067500,0.057500,0.010000,0.000000,0.000000,0
OH,43416,SANDUSKY,0.072500,0.057500,0.015000,0.000000,0.000000,0
OH,43420,FREMONT,0.072500,0.057500,0.015000,0.000000,0.000000,0
OH,43430,SANDUSKY,0.072500,0.057500,0.015000,0.000000,0.000000,0
OH,43431,GIBSONBURG,0.072500,0.057500,0.015000,0.000000,0.000000,0
OH,43432,ROCKY RIDGE,0.070000,0.057500,0.012500,0.000000,0.000000,0
OH,43433,PORT CLINTON,0.070000,0.057500,0.012500,0.000000,0.000000,0
OH,43434,HARBOR VIEW,0.077500,0.057500,0.015000,0.000000,0.005000,0
OH,43435,HELENA,0.072500,0.057500,0.015000,0.000000,0.000000,0
OH,43436,OTTAWA,0.070000,0.057500,0.012500,0.000000,0.000000,0
OH,43437,JERRY CITY,0.067500,0.057500,0.010000,0.000000,0.000000,0
OH,43438,KELLEYS ISLAND,0.067500,0.057500,0.010000,0.000000,0.000000,0
OH,43439,OTTAWA,0.070000,0.057500,0.012500,0.000000,0.000000,0
OH,43440,MARBLEHEAD,0.070000,0.057500,0.012500,0.000000,0.000000,0
OH,43441,WOOD,0.067500,0.057500,0.010000,0.000000,0.000000,0
OH,43442,SANDUSKY,0.072500,0.057500,0.015000,0.000000,0.000000,0
OH,43443,LUCKEY,0.067500,0.057500,0.010000,0.000000,0.000000,0
OH,43445,LUCAS,0.077500,0.057500,0.015000,0.000000,0.005000,0
OH,43446,OTTAWA,0.070000,0.057500,0.012500,0.000000,0.000000,0
OH,43447,OTTAWA,0.070000,0.057500,0.012500,0.000000,0.000000,0
OH,43449,SANDUSKY,0.072500,0.057500,0.015000,0.000000,0.000000,0
OH,43450,SANDUSKY,0.072500,0.057500,0.015000,0.000000,0.000000,0
OH,43451,PORTAGE,0.067500,0.057500,0.010000,0.000000,0.000000,0
OH,43452,PORT CLINTON,0.070000,0.057500,0.012500,0.000000,0.000000,0
OH,43456,PUT IN BAY,0.070000,0.057500,0.012500,0.000000,0.000000,0
OH,43457,SANDUSKY,0.072500,0.057500,0.015000,0.000000,0.000000,0
OH,43458,ROCKY RIDGE,0.070000,0.057500,0.012500,0.000000,0.000000,0
OH,43460,ROSSFORD,0.072500,0.057500,0.010000,0.000000,0.005000,0
OH,43462,WOOD,0.067500,0.057500,0.010000,0.000000,0.000000,0
OH,43463,WOOD,0.067500,0.057500,0.010000,0.000000,0.000000,0
OH,43464,SANDUSKY,0.072500,0.057500,0.015000,0.000000,0.000000,0
OH,43465,WALBRIDGE,0.067500,0.057500,0.010000,0.000000,0.000000,0
OH,43466,WAYNE,0.067500,0.057500,0.010000,0.000000,0.000000,0
OH,43467,WOOD,0.067500,0.057500,0.010000,0.000000,0.000000,0
OH,43468,OTTAWA,0.070000,0.057500,0.012500,0.000000,0.000000,0
OH,43469,WOODVILLE,0.072500,0.057500,0.015000,0.000000,0.000000,0
OH,43501,WILLIAMS,0.072500,0.057500,0.015000,0.000000,0.000000,0
OH,43502,ARCHBOLD,0.072500,0.057500,0.015000,0.000000,0.000000,0
OH,43504,LUCAS,0.077500,0.057500,0.015000,0.000000,0.005000,0
OH,43505,BLAKESLEE,0.072500,0.057500,0.015000,0.000000,0.000000,0
OH,43506,WILLIAMS,0.072500,0.057500,0.015000,0.000000,0.000000,0
OH,43510,HENRY,0.072500,0.057500,0.015000,0.000000,0.000000,0
OH,43511,HENRY,0.072500,0.057500,0.015000,0.000000,0.000000,0
OH,43512,HENRY,0.072500,0.057500,0.015000,0.000000,0.000000,0
OH,43515,FULTON,0.072500,0.057500,0.015000,0.000000,0.000000,0
OH,43516,DESHLER,0.072500,0.057500,0.015000,0.000000,0.000000,0
OH,43517,WILLIAMS,0.072500,0.057500,0.015000,0.000000,0.000000,0
OH,43518,BLAKESLEE,0.072500,0.057500,0.015000,0.000000,0.000000,0
OH,43519,DEFIANCE,0.067500,0.057500,0.010000,0.000000,0.000000,0
OH,43520,DEFIANCE,0.067500,0.057500,0.010000,0.000000,0.000000,0
OH,43521,FAYETTE,0.072500,0.057500,0.015000,0.000000,0.000000,0
OH,43522,LUCAS,0.077500,0.057500,0.015000,0.000000,0.005000,0
OH,43523,HENRY,0.072500,0.057500,0.015000,0.000000,0.000000,0
OH,43524,HAMLER,0.072500,0.057500,0.015000,0.000000,0.000000,0
OH,43525,HASKINS,0.067500,0.057500,0.010000,0.000000,0.000000,0
OH,43526,PAULDING,0.072500,0.057500,0.015000,0.000000,0.000000,0
OH,43527,HOLGATE,0.072500,0.057500,0.015000,0.000000,0.000000,0
OH,43528,LUCAS,0.077500,0.057500,0.015000,0.000000,0.005000,0
OH,43529,DESHLER,0.072500,0.057500,0.015000,0.000000,0.000000,0
OH,43530,DEFIANCE,0.067500,0.057500,0.010000,0.000000,0.000000,0
OH,43531,WILLIAMS,0.072500,0.057500,0.015000,0.000000,0.000000,0
OH,43532,LUCAS,0.077500,0.057500,0.015000,0.000000,0.005000,0
OH,43533,FULTON,0.072500,0.057500,0.015000,0.000000,0.000000,0
OH,43534,MCCLURE,0.072500,0.057500,0.015000,0.000000,0.000000,0
OH,43535,MALINTA,0.072500,0.057500,0.015000,0.000000,0.000000,0
OH,43536,DEFIANCE,0.067500,0.057500,0.010000,0.000000,0.000000,0
OH,43537,MAUMEE,0.077500,0.057500,0.015000,0.000000,0.005000,0
OH,43540,METAMORA,0.072500,0.057500,0.015000,0.000000,0.000000,0
OH,43541,MILTON CENTER,0.067500,0.057500,0.010000,0.000000,0.000000,0
OH,43542,LUCAS,0.077500,0.057500,0.015000,0.000000,0.005000,0
OH,43543,WILLIAMS,0.072500,0.057500,0.015000,0.000000,0.000000,0
OH,43545,FLORIDA,0.072500,0.057500,0.015000,0.000000,0.000000,0
OH,43547,LUCAS,0.077500,0.057500,0.015000,0.000000,0.005000,0
OH,43548,NEW BAVARIA,0.072500,0.057500,0.015000,0.000000,0.000000,0
OH,43549,NEY,0.067500,0.057500,0.010000,0.000000,0.000000,0
OH,43551,ROSSFORD,0.072500,0.057500,0.010000,0.000000,0.005000,0
OH,43552,PERRYSBURG,0.067500,0.057500,0.010000,0.000000,0.000000,0
OH,43553,FULTON,0.072500,0.057500,0.015000,0.000000,0.000000,0
OH,43554,WILLIAMS,0.072500,0.057500,0.015000,0.000000,0.000000,0
OH,43555,NAPOLEON,0.072500,0.057500,0.015000,0.000000,0.000000,0
OH,43556,PAULDING,0.072500,0.057500,0.015000,0.000000,0.000000,0
OH,43557,WILLIAMS,0.072500,0.057500,0.015000,0.000000,0.000000,0
OH,43558,LUCAS,0.077500,0.057500,0.015000,0.000000,0.005000,0
OH,43560,LUCAS,0.077500,0.057500,0.015000,0.000000,0.005000,0
OH,43565,BOWLING GREEN,0.067500,0.057500,0.010000,0.000000,0.000000,0
OH,43566,LUCAS,0.077500,0.057500,0.015000,0.000000,0.005000,0
OH,43567,FULTON,0.072500,0.057500,0.015000,0.000000,0.000000,0
OH,43569,WESTON,0.067500,0.057500,0.010000,0.000000,0.000000,0
OH,43570,WILLIAMS,0.072500,0.057500,0.015000,0.000000,0.000000,0
OH,43571,WHITEHOUSE,0.077500,0.057500,0.015000,0.000000,0.005000,0
OH,43601,TOLEDO,0.077500,0.057500,0.015000,0.000000,0.005000,0
OH,43603,TOLEDO,0.077500,0.057500,0.015000,0.000000,0.005000,0
OH,43604,TOLEDO,0.077500,0.057500,0.015000,0.000000,0.005000,0
OH,43605,OREGON,0.077500,0.057500,0.015000,0.000000,0.005000,0
OH,43606,OTTAWA HILLS,0.077500,0.057500,0.015000,0.000000,0.005000,0
OH,43607,TOLEDO,0.077500,0.057500,0.015000,0.000000,0.005000,0
OH,43608,TOLEDO,0.077500,0.057500,0.015000,0.000000,0.005000,0
OH,43609,TOLEDO,0.077500,0.057500,0.015000,0.000000,0.005000,0
OH,43610,TOLEDO,0.077500,0.057500,0.015000,0.000000,0.005000,0
OH,43611,TOLEDO,0.077500,0.057500,0.015000,0.000000,0.005000,0
OH,43612,TOLEDO,0.077500,0.057500,0.015000,0.000000,0.005000,0
OH,43613,TOLEDO,0.077500,0.057500,0.015000,0.000000,0.005000,0
OH,43614,TOLEDO,0.077500,0.057500,0.015000,0.000000,0.005000,0
OH,43615,OTTAWA HILLS,0.077500,0.057500,0.015000,0.000000,0.005000,0
OH,43616,LUCAS,0.077500,0.057500,0.015000,0.000000,0.005000,0
OH,43617,LUCAS,0.077500,0.057500,0.015000,0.000000,0.005000,0
OH,43619,OREGON,0.077500,0.057500,0.015000,0.000000,0.005000,0
OH,43620,TOLEDO,0.077500,0.057500,0.015000,0.000000,0.005000,0
OH,43623,TOLEDO,0.077500,0.057500,0.015000,0.000000,0.005000,0
OH,43635,TOLEDO,0.077500,0.057500,0.015000,0.000000,0.005000,0
OH,43652,TOLEDO,0.077500,0.057500,0.015000,0.000000,0.005000,0
OH,43654,NORTHWOOD,0.067500,0.057500,0.010000,0.000000,0.000000,0
OH,43656,TOLEDO,0.077500,0.057500,0.015000,0.000000,0.005000,0
OH,43657,TOLEDO,0.077500,0.057500,0.015000,0.000000,0.005000,0
OH,43659,TOLEDO,0.077500,0.057500,0.015000,0.000000,0.005000,0
OH,43660,TOLEDO,0.077500,0.057500,0.015000,0.000000,0.005000,0
OH,43661,TOLEDO,0.077500,0.057500,0.015000,0.000000,0.005000,0
OH,43666,TOLEDO,0.077500,0.057500,0.015000,0.000000,0.005000,0
OH,43667,TOLEDO,0.077500,0.057500,0.015000,0.000000,0.005000,0
OH,43681,TOLEDO,0.077500,0.057500,0.015000,0.000000,0.005000,0
OH,43682,TOLEDO,0.077500,0.057500,0.015000,0.000000,0.005000,0
OH,43697,TOLEDO,0.077500,0.057500,0.015000,0.000000,0.005000,0
OH,43699,TOLEDO,0.077500,0.057500,0.015000,0.000000,0.005000,0
OH,43701,MUSKINGUM,0.072500,0.057500,0.015000,0.000000,0.000000,0
OH,43702,ZANESVILLE,0.072500,0.057500,0.015000,0.000000,0.000000,0
OH,43711,NOBLE,0.072500,0.057500,0.015000,0.000000,0.000000,0
OH,43713,BELMONT,0.072500,0.057500,0.015000,0.000000,0.000000,0
OH,43716,MONROE,0.072500,0.057500,0.015000,0.000000,0.000000,0
OH,43717,BELLE VALLEY,0.072500,0.057500,0.015000,0.000000,0.000000,0
OH,43718,MORRISTOWN,0.072500,0.057500,0.015000,0.000000,0.000000,0
OH,43719,MORRISTOWN,0.072500,0.057500,0.015000,0.000000,0.000000,0
OH,43720,MUSKINGUM,0.072500,0.057500,0.015000,0.000000,0.000000,0
OH,43721,LICKING,0.072500,0.057500,0.015000,0.000000,0.000000,0
OH,43722,GUERNSEY,0.072500,0.057500,0.015000,0.000000,0.000000,0
OH,43723,BYESVILLE,0.072500,0.057500,0.015000,0.000000,0.000000,0
OH,43724,BELLE VALLEY,0.072500,0.057500,0.015000,0.000000,0.000000,0
OH,43725,GUERNSEY,0.072500,0.057500,0.015000,0.000000,0.000000,0
OH,43727,MUSKINGUM,0.072500,0.057500,0.015000,0.000000,0.000000,0
OH,43728,MORGAN,0.072500,0.057500,0.015000,0.000000,0.000000,0
OH,43730,CORNING,0.072500,0.057500,0.015000,0.000000,0.000000,0
OH,43731,ROSEVILLE,0.072500,0.057500,0.015000,0.000000,0.000000,0
OH,43732,MUSKINGUM,0.072500,0.057500,0.015000,0.000000,0.000000,0
OH,43733,GUERNSEY,0.072500,0.057500,0.015000,0.000000,0.000000,0
OH,43734,MUSKINGUM,0.072500,0.057500,0.015000,0.000000,0.000000,0
OH,43735,MUSKINGUM,0.072500,0.057500,0.015000,0.000000,0.000000,0
OH,43736,FAIRVIEW,0.072500,0.057500,0.015000,0.000000,0.000000,0
OH,43738,FULTONHAM,0.072500,0.057500,0.015000,0.000000,0.000000,0
OH,43739,GLENFORD,0.072500,0.057500,0.015000,0.000000,0.000000,0
OH,43740,GRATIOT,0.072500,0.057500,0.015000,0.000000,0.000000,0
OH,43746,LICKING,0.072500,0.057500,0.015000,0.000000,0.000000,0
OH,43747,MONROE,0.072500,0.057500,0.015000,0.000000,0.000000,0
OH,43748,JUNCTION CITY,0.072500,0.057500,0.015000,0.000000,0.000000,0
OH,43749,COSHOCTON,0.077500,0.057500,0.020000,0.000000,0.000000,0
OH,43750,GUERNSEY,0.072500,0.057500,0.015000,0.000000,0.000000,0
OH,43752,MONROE,0.072500,0.057500,0.015000,0.000000,0.000000,0
OH,43754,MONROE,0.072500,0.057500,0.015000,0.000000,0.000000,0
OH,43755,GUERNSEY,0.072500,0.057500,0.015000,0.000000,0.000000,0
OH,43756,MCCONNELSVILLE,0.072500,0.057500,0.015000,0.000000,0.000000,0
OH,43757,MONROE,0.072500,0.057500,0.015000,0.000000,0.000000,0
OH,43758,MALTA,0.072500,0.057500,0.015000,0.000000,0.000000,0
OH,43759,MORRISTOWN,0.072500,0.057500,0.015000,0.000000,0.000000,0
OH,43760,FULTONHAM,0.072500,0.057500,0.015000,0.000000,0.000000,0
OH,43761,PERRY,0.072500,0.057500,0.015000,0.000000,0.000000,0
OH,43762,MUSKINGUM,0.072500,0.057500,0.015000,0.000000,0.000000,0
OH,43764,NEW LEXINGTON,0.072500,0.057500,0.015000,0.000000,0.000000,0
OH,43766,HOCKING,0.072500,0.057500,0.015000,0.000000,0.000000,0
OH,43767,MUSKINGUM,0.072500,0.057500,0.015000,0.000000,0.000000,0
OH,43768,OLD WASHINGTON,0.072500,0.057500,0.015000,0.000000,0.000000,0
OH,43771,PHILO,0.072500,0.057500,0.015000,0.000000,0.000000,0
OH,43772,PLEASANT CITY,0.072500,0.057500,0.015000,0.000000,0.000000,0
OH,43773,FAIRVIEW,0.072500,0.057500,0.015000,0.000000,0.000000,0
OH,43777,ROSEVILLE,0.072500,0.057500,0.015000,0.000000,0.000000,0
OH,43778,GUERNSEY,0.072500,0.057500,0.015000,0.000000,0.000000,0
OH,43779,SARAHSVILLE,0.072500,0.057500,0.015000,0.000000,0.000000,0
OH,43780,LORE CITY,0.072500,0.057500,0.015000,0.000000,0.000000,0
OH,43782,SHAWNEE,0.072500,0.057500,0.015000,0.000000,0.000000,0
OH,43783,SOMERSET,0.072500,0.057500,0.015000,0.000000,0.000000,0
OH,43786,STAFFORD,0.072500,0.057500,0.015000,0.000000,0.000000,0
OH,43787,MORGAN,0.072500,0.057500,0.015000,0.000000,0.000000,0
OH,43788,SUMMERFIELD,0.072500,0.057500,0.015000,0.000000,0.000000,0
OH,43791,MUSKINGUM,0.072500,0.057500,0.015000,0.000000,0.000000,0
OH,43793,WOODSFIELD,0.072500,0.057500,0.015000,0.000000,0.000000,0
OH,43802,ADAMSVILLE,0.072500,0.057500,0.015000,0.000000,0.000000,0
OH,43803,COSHOCTON,0.077500,0.057500,0.020000,0.000000,0.000000,0
OH,43804,BALTIC,0.077500,0.057500,0.020000,0.000000,0.000000,0
OH,43805,COSHOCTON,0.077500,0.057500,0.020000,0.000000,0.000000,0
OH,43811,CONESVILLE,0.077500,0.057500,0.020000,0.000000,0.000000,0
OH,43812,PLAINFIELD,0.077500,0.057500,0.020000,0.000000,0.000000,0
OH,43821,COSHOCTON,0.077500,0.057500,0.020000,0.000000,0.000000,0
OH,43822,COSHOCTON,0.077500,0.057500,0.020000,0.000000,0.000000,0
OH,43824,COSHOCTON,0.077500,0.057500,0.020000,0.000000,0.000000,0
OH,43828,COSHOCTON,0.077500,0.057500,0.020000,0.000000,0.000000,0
OH,43830,LICKING,0.072500,0.057500,0.015000,0.000000,0.000000,0
OH,43832,COSHOCTON,0.077500,0.057500,0.020000,0.000000,0.000000,0
OH,43836,PLAINFIELD,0.077500,0.057500,0.020000,0.000000,0.000000,0
OH,43837,GUERNSEY,0.072500,0.057500,0.015000,0.000000,0.000000,0
OH,43840,COSHOCTON,0.077500,0.057500,0.020000,0.000000,0.000000,0
OH,43842,MUSKINGUM,0.072500,0.057500,0.015000,0.000000,0.000000,0
OH,43843,COSHOCTON,0.077500,0.057500,0.020000,0.000000,0.000000,0
OH,43844,WARSAW,0.077500,0.057500,0.020000,0.000000,0.000000,0
OH,43845,WEST LAFAYETTE,0.077500,0.057500,0.020000,0.000000,0.000000,0
OH,43901,ADENA,0.072500,0.057500,0.015000,0.000000,0.000000,0
OH,43902,BELMONT,0.072500,0.057500,0.015000,0.000000,0.000000,0
OH,43903,AMSTERDAM,0.072500,0.057500,0.015000,0.000000,0.000000,0
OH,43905,BELMONT,0.072500,0.057500,0.015000,0.000000,0.000000,0
OH,43906,BELMONT,0.072500,0.057500,0.015000,0.000000,0.000000,0
OH,43907,ADENA,0.072500,0.057500,0.015000,0.000000,0.000000,0
OH,43908,BERGHOLZ,0.072500,0.057500,0.015000,0.000000,0.000000,0
OH,43909,BELMONT,0.072500,0.057500,0.015000,0.000000,0.000000,0
OH,43910,BLOOMINGDALE,0.072500,0.057500,0.015000,0.000000,0.000000,0
OH,43912,BELMONT,0.072500,0.057500,0.015000,0.000000,0.000000,0
OH,43913,JEFFERSON,0.072500,0.057500,0.015000,0.000000,0.000000,0
OH,43914,MONROE,0.072500,0.057500,0.015000,0.000000,0.000000,0
OH,43915,CLARINGTON,0.072500,0.057500,0.015000,0.000000,0.000000,0
OH,43916,BELMONT,0.072500,0.057500,0.015000,0.000000,0.000000,0
OH,43917,DILLONVALE,0.072500,0.057500,0.015000,0.000000,0.000000,0
OH,43920,COLUMBIANA,0.072500,0.057500,0.015000,0.000000,0.000000,0
OH,43925,JEFFERSON,0.072500,0.057500,0.015000,0.000000,0.000000,0
OH,43926,TORONTO,0.072500,0.057500,0.015000,0.000000,0.000000,0
OH,43927,SAINT CLAIRSVILLE,0.072500,0.057500,0.015000,0.000000,0.000000,0
OH,43928,BELMONT,0.072500,0.057500,0.015000,0.000000,0.000000,0
OH,43930,COLUMBIANA,0.072500,0.057500,0.015000,0.000000,0.000000,0
OH,43931,MONROE,0.072500,0.057500,0.015000,0.000000,0.000000,0
OH,43932,IRONDALE,0.072500,0.057500,0.015000,0.000000,0.000000,0
OH,43933,BELMONT,0.072500,0.057500,0.015000,0.000000,0.000000,0
OH,43934,BELMONT,0.072500,0.057500,0.015000,0.000000,0.000000,0
OH,43935,MARTINS FERRY,0.072500,0.057500,0.015000,0.000000,0.000000,0
OH,43937,BELMONT,0.072500,0.057500,0.015000,0.000000,0.000000,0
OH,43938,DILLONVALE,0.072500,0.057500,0.015000,0.000000,0.000000,0
OH,43939,MOUNT PLEASANT,0.072500,0.057500,0.015000,0.000000,0.000000,0
OH,43940,BELMONT,0.072500,0.057500,0.015000,0.000000,0.000000,0
OH,43941,JEFFERSON,0.072500,0.057500,0.015000,0.000000,0.000000,0
OH,43942,POWHATAN POINT,0.072500,0.057500,0.015000,0.000000,0.000000,0
OH,43943,MOUNT PLEASANT,0.072500,0.057500,0.015000,0.000000,0.000000,0
OH,43944,WINTERSVILLE,0.072500,0.057500,0.015000,0.000000,0.000000,0
OH,43945,SUMMITVILLE,0.072500,0.057500,0.015000,0.000000,0.000000,0
OH,43946,ANTIOCH,0.072500,0.057500,0.015000,0.000000,0.000000,0
OH,43947,SHADYSIDE,0.072500,0.057500,0.015000,0.000000,0.000000,0
OH,43948,SMITHFIELD,0.072500,0.057500,0.015000,0.000000,0.000000,0
OH,43950,BELMONT,0.072500,0.057500,0.015000,0.000000,0.000000,0
OH,43951,BELMONT,0.072500,0.057500,0.015000,0.000000,0.000000,0
OH,43952,STEUBENVILLE,0.072500,0.057500,0.015000,0.000000,0.000000,0
OH,43953,STEUBENVILLE,0.072500,0.057500,0.015000,0.000000,0.000000,0
OH,43961,STRATTON,0.072500,0.057500,0.015000,0.000000,0.000000,0
OH,43962,SUMMITVILLE,0.072500,0.057500,0.015000,0.000000,0.000000,0
OH,43963,TILTONSVILLE,0.072500,0.057500,0.015000,0.000000,0.000000,0
OH,43964,TORONTO,0.072500,0.057500,0.015000,0.000000,0.000000,0
OH,43967,BELMONT,0.072500,0.057500,0.015000,0.000000,0.000000,0
OH,43968,WELLSVILLE,0.072500,0.057500,0.015000,0.000000,0.000000,0
OH,43970,JEFFERSON,0.072500,0.057500,0.015000,0.000000,0.000000,0
OH,43971,TILTONSVILLE,0.072500,0.057500,0.015000,0.000000,0.000000,0
OH,43972,BELMONT,0.072500,0.057500,0.015000,0.000000,0.000000,0
OH,43973,FREEPORT,0.072500,0.057500,0.015000,0.000000,0.000000,0
OH,43974,CADIZ,0.072500,0.057500,0.015000,0.000000,0.000000,0
OH,43976,HOPEDALE,0.072500,0.057500,0.015000,0.000000,0.000000,0
OH,43977,BELMONT,0.072500,0.057500,0.015000,0.000000,0.000000,0
OH,43981,NEW ATHENS,0.072500,0.057500,0.015000,0.000000,0.000000,0
OH,43983,BELMONT,0.072500,0.057500,0.015000,0.000000,0.000000,0
OH,43984,HARRISON,0.072500,0.057500,0.015000,0.000000,0.000000,0
OH,43985,HOLLOWAY,0.072500,0.057500,0.015000,0.000000,0.000000,0
OH,43986,JEWETT,0.072500,0.057500,0.015000,0.000000,0.000000,0
OH,43988,SCIO,0.072500,0.057500,0.015000,0.000000,0.000000,0
OH,44001,AMHERST,0.065000,0.057500,0.007500,0.000000,0.000000,0
OH,44003,ANDOVER,0.067500,0.057500,0.010000,0.000000,0.000000,0
OH,44004,ASHTABULA,0.067500,0.057500,0.010000,0.000000,0.000000,0
OH,44005,ASHTABULA,0.067500,0.057500,0.010000,0.000000,0.000000,0
OH,44010,ASHTABULA,0.067500,0.057500,0.010000,0.000000,0.000000,0
OH,44011,AVON,0.065000,0.057500,0.007500,0.000000,0.000000,0
OH,44012,SHEFFIELD LAKE,0.065000,0.057500,0.007500,0.000000,0.000000,0
OH,44017,MIDDLEBURG HEIGHTS,0.080000,0.057500,0.022500,0.000000,0.000000,0
OH,44021,GEAUGA,0.067500,0.057500,0.010000,0.000000,0.000000,0
OH,44022,SOLON,0.080000,0.057500,0.022500,0.000000,0.000000,0
OH,44023,SOLON,0.080000,0.057500,0.022500,0.000000,0.000000,0
OH,44024,LAKE,0.072500,0.057500,0.015000,0.000000,0.000000,0
OH,44026,GEAUGA,0.067500,0.057500,0.010000,0.000000,0.000000,0
OH,44028,MEDINA,0.067500,0.057500,0.010000,0.000000,0.000000,0
OH,44030,CONNEAUT,0.067500,0.057500,0.010000,0.000000,0.000000,0
OH,44032,ASHTABULA,0.067500,0.057500,0.010000,0.000000,0.000000,0
OH,44033,GEAUGA,0.067500,0.057500,0.010000,0.000000,0.000000,0
OH,44035,NORTH RIDGEVILLE,0.065000,0.057500,0.007500,0.000000,0.000000,0
OH,44036,ELYRIA,0.065000,0.057500,0.007500,0.000000,0.000000,0
OH,44039,NORTH RIDGEVILLE,0.065000,0.057500,0.007500,0.000000,0.000000,0
OH,44040,MAYFIELD,0.080000,0.057500,0.022500,0.000000,0.000000,0
OH,44041,LAKE,0.072500,0.057500,0.015000,0.000000,0.000000,0
OH,44044,MEDINA,0.067500,0.057500,0.010000,0.000000,0.000000,0
OH,44045,GRAND RIVER,0.072500,0.057500,0.015000,0.000000,0.000000,0
OH,44046,ASHTABULA,0.067500,0.057500,0.010000,0.000000,0.000000,0
OH,44047,ASHTABULA,0.067500,0.057500,0.010000,0.000000,0.000000,0
OH,44048,CONNEAUT,0.067500,0.057500,0.010000,0.000000,0.000000,0
OH,44049,KIPTON,0.065000,0.057500,0.007500,0.000000,0.000000,0
OH,44050,LAGRANGE,0.065000,0.057500,0.007500,0.000000,0.000000,0
OH,44052,LORAIN,0.065000,0.057500,0.007500,0.000000,0.000000,0
OH,44053,AMHERST,0.065000,0.057500,0.007500,0.000000,0.000000,0
OH,44054,LORAIN,0.065000,0.057500,0.007500,0.000000,0.000000,0
OH,44055,LORAIN,0.065000,0.057500,0.007500,0.000000,0.000000,0
OH,44056,MACEDONIA,0.067500,0.057500,0.010000,0.000000,0.000000,0
OH,44057,LAKE,0.072500,0.057500,0.015000,0.000000,0.000000,0
OH,44060,LAKE,0.072500,0.057500,0.015000,0.000000,0.000000,0
OH,44061,MENTOR,0.072500,0.057500,0.015000,0.000000,0.000000,0
OH,44062,MIDDLEFIELD,0.067500,0.057500,0.010000,0.000000,0.000000,0
OH,44064,ASHTABULA,0.067500,0.057500,0.010000,0.000000,0.000000,0
OH,44065,GEAUGA,0.067500,0.057500,0.010000,0.000000,0.000000,0
OH,44067,WALTON HILLS,0.080000,0.057500,0.022500,0.000000,0.000000,0
OH,44068,NORTH KINGSVILLE,0.067500,0.057500,0.010000,0.000000,0.000000,0
OH,44070,WESTLAKE,0.080000,0.057500,0.022500,0.000000,0.000000,0
OH,44072,GEAUGA,0.067500,0.057500,0.010000,0.000000,0.000000,0
OH,44073,GEAUGA,0.067500,0.057500,0.010000,0.000000,0.000000,0
OH,44074,KIPTON,0.065000,0.057500,0.007500,0.000000,0.000000,0
OH,44076,ORWELL,0.067500,0.057500,0.010000,0.000000,0.000000,0
OH,44077,PAINESVILLE,0.072500,0.057500,0.015000,0.000000,0.000000,0
OH,44080,GEAUGA,0.067500,0.057500,0.010000,0.000000,0.000000,0
OH,44081,LAKE,0.072500,0.057500,0.015000,0.000000,0.000000,0
OH,44082,ASHTABULA,0.067500,0.057500,0.010000,0.000000,0.000000,0
OH,44084,ASHTABULA,0.067500,0.057500,0.010000,0.000000,0.000000,0
OH,44085,ROAMING SHORES,0.067500,0.057500,0.010000,0.000000,0.000000,0
OH,44086,LAKE,0.072500,0.057500,0.015000,0.000000,0.000000,0
OH,44087,REMINDERVILLE,0.067500,0.057500,0.010000,0.000000,0.000000,0
OH,44088,ASHTABULA,0.067500,0.057500,0.010000,0.000000,0.000000,0
OH,44089,VERMILION,0.067500,0.057500,0.010000,0.000000,0.000000,0
OH,44090,MEDINA,0.067500,0.057500,0.010000,0.000000,0.000000,0
OH,44092,MAYFIELD,0.080000,0.057500,0.022500,0.000000,0.000000,0
OH,44093,ASHTABULA,0.067500,0.057500,0.010000,0.000000,0.000000,0
OH,44094,GATES MILLS,0.080000,0.057500,0.022500,0.000000,0.000000,0
OH,44095,EASTLAKE,0.072500,0.057500,0.015000,0.000000,0.000000,0
OH,44096,WILLOUGHBY,0.072500,0.057500,0.015000,0.000000,0.000000,0
OH,44097,EASTLAKE,0.072500,0.057500,0.015000,0.000000,0.000000,0
OH,44099,ASHTABULA,0.067500,0.057500,0.010000,0.000000,0.000000,0
OH,44101,CLEVELAND,0.080000,0.057500,0.022500,0.000000,0.000000,0
OH,44102,CLEVELAND,0.080000,0.057500,0.022500,0.000000,0.000000,0
OH,44103,GARFIELD HEIGHTS,0.080000,0.057500,0.022500,0.000000,0.000000,0
OH,44104,CLEVELAND,0.080000,0.057500,0.022500,0.000000,0.000000,0
OH,44105,NEWBURGH HEIGHTS,0.080000,0.057500,0.022500,0.000000,0.000000,0
OH,44106,CLEVELAND HEIGHTS,0.080000,0.057500,0.022500,0.000000,0.000000,0
OH,44107,LAKEWOOD,0.080000,0.057500,0.022500,0.000000,0.000000,0
OH,44108,EAST CLEVELAND,0.080000,0.057500,0.022500,0.000000,0.000000,0
OH,44109,PARMA,0.080000,0.057500,0.022500,0.000000,0.000000,0
OH,44110,EAST CLEVELAND,0.080000,0.057500,0.022500,0.000000,0.000000,0
OH,44111,LINNDALE,0.080000,0.057500,0.022500,0.000000,0.000000,0
OH,44112,EAST CLEVELAND,0.080000,0.057500,0.022500,0.000000,0.000000,0
OH,44113,CLEVELAND,0.080000,0.057500,0.022500,0.000000,0.000000,0
OH,44114,CLEVELAND,0.080000,0.057500,0.022500,0.000000,0.000000,0
OH,44115,CLEVELAND,0.080000,0.057500,0.022500,0.000000,0.000000,0
OH,44116,ROCKY RIVER,0.080000,0.057500,0.022500,0.000000,0.000000,0
OH,44117,EUCLID,0.080000,0.057500,0.022500,0.000000,0.000000,0
OH,44118,UNIVERSITY HEIGHTS,0.080000,0.057500,0.022500,0.000000,0.000000,0
OH,44119,EUCLID,0.080000,0.057500,0.022500,0.000000,0.000000,0
OH,44120,SHAKER HEIGHTS,0.080000,0.057500,0.022500,0.000000,0.000000,0
OH,44121,UNIVERSITY HEIGHTS,0.080000,0.057500,0.022500,0.000000,0.000000,0
OH,44122,WOODMERE,0.080000,0.057500,0.022500,0.000000,0.000000,0
OH,44123,EUCLID,0.080000,0.057500,0.022500,0.000000,0.000000,0
OH,44124,SOUTH EUCLID,0.080000,0.057500,0.022500,0.000000,0.000000,0
OH,44125,VALLEY VIEW,0.080000,0.057500,0.022500,0.000000,0.000000,0
OH,44126,ROCKY RIVER,0.080000,0.057500,0.022500,0.000000,0.000000,0
OH,44127,CLEVELAND,0.080000,0.057500,0.022500,0.000000,0.000000,0
OH,44128,WARRENSVILLE HEIGHTS,0.080000,0.057500,0.022500,0.000000,0.000000,0
OH,44129,PARMA HEIGHTS,0.080000,0.057500,0.022500,0.000000,0.000000,0
OH,44130,PARMA HEIGHTS,0.080000,0.057500,0.022500,0.000000,0.000000,0
OH,44131,SEVEN HILLS,0.080000,0.057500,0.022500,0.000000,0.000000,0
OH,44132,EUCLID,0.080000,0.057500,0.022500,0.000000,0.000000,0
OH,44133,STRONGSVILLE,0.080000,0.057500,0.022500,0.000000,0.000000,0
OH,44134,SEVEN HILLS,0.080000,0.057500,0.022500,0.000000,0.000000,0
OH,44135,CLEVELAND,0.080000,0.057500,0.022500,0.000000,0.000000,0
OH,44136,STRONGSVILLE,0.080000,0.057500,0.022500,0.000000,0.000000,0
OH,44137,MAPLE HEIGHTS,0.080000,0.057500,0.022500,0.000000,0.000000,0
OH,44138,OLMSTED FALLS,0.080000,0.057500,0.022500,0.000000,0.000000,0
OH,44139,SOLON,0.080000,0.057500,0.022500,0.000000,0.000000,0
OH,44140,ROCKY RIVER,0.080000,0.057500,0.022500,0.000000,0.000000,0
OH,44141,INDEPENDENCE,0.080000,0.057500,0.022500,0.000000,0.000000,0
OH,44142,CLEVELAND,0.080000,0.057500,0.022500,0.000000,0.000000,0
OH,44143,SOUTH EUCLID,0.080000,0.057500,0.022500,0.000000,0.000000,0
OH,44144,CLEVELAND,0.080000,0.057500,0.022500,0.000000,0.000000,0
OH,44145,WESTLAKE,0.080000,0.057500,0.022500,0.000000,0.000000,0
OH,44146,WARRENSVILLE HEIGHTS,0.080000,0.057500,0.022500,0.000000,0.000000,0
OH,44147,BROADVIEW HEIGHTS,0.080000,0.057500,0.022500,0.000000,0.000000,0
OH,44149,STRONGSVILLE,0.080000,0.057500,0.022500,0.000000,0.000000,0
OH,44181,CLEVELAND,0.080000,0.057500,0.022500,0.000000,0.000000,0
OH,44188,CLEVELAND,0.080000,0.057500,0.022500,0.000000,0.000000,0
OH,44190,CLEVELAND,0.080000,0.057500,0.022500,0.000000,0.000000,0
OH,44191,CLEVELAND,0.080000,0.057500,0.022500,0.000000,0.000000,0
OH,44192,CLEVELAND,0.080000,0.057500,0.022500,0.000000,0.000000,0
OH,44193,CLEVELAND,0.080000,0.057500,0.022500,0.000000,0.000000,0
OH,44194,CLEVELAND,0.080000,0.057500,0.022500,0.000000,0.000000,0
OH,44195,CLEVELAND,0.080000,0.057500,0.022500,0.000000,0.000000,0
OH,44197,CLEVELAND,0.080000,0.057500,0.022500,0.000000,0.000000,0
OH,44198,CLEVELAND,0.080000,0.057500,0.022500,0.000000,0.000000,0
OH,44199,CLEVELAND,0.080000,0.057500,0.022500,0.000000,0.000000,0
OH,44201,PORTAGE,0.070000,0.057500,0.012500,0.000000,0.000000,0
OH,44202,PORTAGE,0.070000,0.057500,0.012500,0.000000,0.000000,0
OH,44203,SUMMIT,0.067500,0.057500,0.010000,0.000000,0.000000,0
OH,44210,SUMMIT,0.067500,0.057500,0.010000,0.000000,0.000000,0
OH,44211,KENT,0.070000,0.057500,0.012500,0.000000,0.000000,0
OH,44212,BRUNSWICK,0.067500,0.057500,0.010000,0.000000,0.000000,0
OH,44214,MEDINA,0.067500,0.057500,0.010000,0.000000,0.000000,0
OH,44215,GLORIA GLENS PARK,0.067500,0.057500,0.010000,0.000000,0.000000,0
OH,44216,GREEN,0.067500,0.057500,0.010000,0.000000,0.000000,0
OH,44217,CRESTON,0.067500,0.057500,0.010000,0.000000,0.000000,0
OH,44221,BROADVIEW HEIGHTS,0.080000,0.057500,0.022500,0.000000,0.000000,0
OH,44222,CUYAHOGA FALLS,0.067500,0.057500,0.010000,0.000000,0.000000,0
OH,44223,AKRON,0.067500,0.057500,0.010000,0.000000,0.000000,0
OH,44224,PORTAGE,0.070000,0.057500,0.012500,0.000000,0.000000,0
OH,44230,NORTON,0.067500,0.057500,0.010000,0.000000,0.000000,0
OH,44231,GARRETTSVILLE,0.070000,0.057500,0.012500,0.000000,0.000000,0
OH,44232,GREEN,0.067500,0.057500,0.010000,0.000000,0.000000,0
OH,44233,MEDINA,0.067500,0.057500,0.010000,0.000000,0.000000,0
OH,44234,PORTAGE,0.070000,0.057500,0.012500,0.000000,0.000000,0
OH,44235,ASHLAND,0.070000,0.057500,0.012500,0.000000,0.000000,0
OH,44236,STREETSBORO,0.070000,0.057500,0.012500,0.000000,0.000000,0
OH,44237,HUDSON,0.067500,0.057500,0.010000,0.000000,0.000000,0
OH,44240,KENT,0.070000,0.057500,0.012500,0.000000,0.000000,0
OH,44241,PORTAGE,0.070000,0.057500,0.012500,0.000000,0.000000,0
OH,44242,KENT,0.070000,0.057500,0.012500,0.000000,0.000000,0
OH,44243,KENT,0.070000,0.057500,0.012500,0.000000,0.000000,0
OH,44250,LAKEMORE,0.067500,0.057500,0.010000,0.000000,0.000000,0
OH,44251,WESTFIELD CENTER,0.067500,0.057500,0.010000,0.000000,0.000000,0
OH,44253,MEDINA,0.067500,0.057500,0.010000,0.000000,0.000000,0
OH,44254,MEDINA,0.067500,0.057500,0.010000,0.000000,0.000000,0
OH,44255,MANTUA,0.070000,0.057500,0.012500,0.000000,0.000000,0
OH,44256,MEDINA,0.067500,0.057500,0.010000,0.000000,0.000000,0
OH,44258,MEDINA,0.067500,0.057500,0.010000,0.000000,0.000000,0
OH,44260,PORTAGE,0.070000,0.057500,0.012500,0.000000,0.000000,0
OH,44262,MUNROE FALLS,0.067500,0.057500,0.010000,0.000000,0.000000,0
OH,44264,SUMMIT,0.067500,0.057500,0.010000,0.000000,0.000000,0
OH,44265,PORTAGE,0.070000,0.057500,0.012500,0.000000,0.000000,0
OH,44266,PORTAGE,0.070000,0.057500,0.012500,0.000000,0.000000,0
OH,44270,RITTMAN,0.067500,0.057500,0.010000,0.000000,0.000000,0
OH,44272,PORTAGE,0.070000,0.057500,0.012500,0.000000,0.000000,0
OH,44273,WESTFIELD CENTER,0.067500,0.057500,0.010000,0.000000,0.000000,0
OH,44274,WADSWORTH,0.067500,0.057500,0.010000,0.000000,0.000000,0
OH,44275,SPENCER,0.067500,0.057500,0.010000,0.000000,0.000000,0
OH,44276,RITTMAN,0.065000,0.057500,0.007500,0.000000,0.000000,0
OH,44278,TALLMADGE,0.070000,0.057500,0.012500,0.000000,0.000000,0
OH,44280,MEDINA,0.067500,0.057500,0.010000,0.000000,0.000000,0
OH,44281,MEDINA,0.067500,0.057500,0.010000,0.000000,0.000000,0
OH,44282,WADSWORTH,0.067500,0.057500,0.010000,0.000000,0.000000,0
OH,44285,RAVENNA,0.070000,0.057500,0.012500,0.000000,0.000000,0
OH,44286,SUMMIT,0.067500,0.057500,0.010000,0.000000,0.000000,0
OH,44287,ASHLAND,0.070000,0.057500,0.012500,0.000000,0.000000,0
OH,44288,WINDHAM,0.070000,0.057500,0.012500,0.000000,0.000000,0
OH,44301,AKRON,0.067500,0.057500,0.010000,0.000000,0.000000,0
OH,44302,AKRON,0.067500,0.057500,0.010000,0.000000,0.000000,0
OH,44303,SUMMIT,0.067500,0.057500,0.010000,0.000000,0.000000,0
OH,44304,AKRON,0.067500,0.057500,0.010000,0.000000,0.000000,0
OH,44305,SUMMIT,0.067500,0.057500,0.010000,0.000000,0.000000,0
OH,44306,SUMMIT,0.067500,0.057500,0.010000,0.000000,0.000000,0
OH,44307,AKRON,0.067500,0.057500,0.010000,0.000000,0.000000,0
OH,44308,AKRON,0.067500,0.057500,0.010000,0.000000,0.000000,0
OH,44309,AKRON,0.067500,0.057500,0.010000,0.000000,0.000000,0
OH,44310,TALLMADGE,0.067500,0.057500,0.010000,0.000000,0.000000,0
OH,44311,AKRON,0.067500,0.057500,0.010000,0.000000,0.000000,0
OH,44312,PORTAGE,0.070000,0.057500,0.012500,0.000000,0.000000,0
OH,44313,SUMMIT,0.067500,0.057500,0.010000,0.000000,0.000000,0
OH,44314,BARBERTON,0.067500,0.057500,0.010000,0.000000,0.000000,0
OH,44315,AKRON,0.067500,0.057500,0.010000,0.000000,0.000000,0
OH,44316,AKRON,0.067500,0.057500,0.010000,0.000000,0.000000,0
OH,44317,AKRON,0.067500,0.057500,0.010000,0.000000,0.000000,0
OH,44319,SUMMIT,0.067500,0.057500,0.010000,0.000000,0.000000,0
OH,44320,SUMMIT,0.067500,0.057500,0.010000,0.000000,0.000000,0
OH,44321,SUMMIT,0.067500,0.057500,0.010000,0.000000,0.000000,0
OH,44325,AKRON,0.067500,0.057500,0.010000,0.000000,0.000000,0
OH,44326,AKRON,0.067500,0.057500,0.010000,0.000000,0.000000,0
OH,44328,AKRON,0.067500,0.057500,0.010000,0.000000,0.000000,0
OH,44333,SUMMIT,0.067500,0.057500,0.010000,0.000000,0.000000,0
OH,44334,FAIRLAWN,0.067500,0.057500,0.010000,0.000000,0.000000,0
OH,44372,AKRON,0.067500,0.057500,0.010000,0.000000,0.000000,0
OH,44396,AKRON,0.067500,0.057500,0.010000,0.000000,0.000000,0
OH,44398,AKRON,0.067500,0.057500,0.010000,0.000000,0.000000,0
OH,44401,MAHONING,0.075000,0.057500,0.017500,0.000000,0.000000,0
OH,44402,TRUMBULL,0.067500,0.057500,0.010000,0.000000,0.000000,0
OH,44403,YANKEE LAKE,0.067500,0.057500,0.010000,0.000000,0.000000,0
OH,44404,ORANGEVILLE,0.067500,0.057500,0.010000,0.000000,0.000000,0
OH,44405,CAMPBELL,0.075000,0.057500,0.017500,0.000000,0.000000,0
OH,44406,MAHONING,0.075000,0.057500,0.017500,0.000000,0.000000,0
OH,44408,COLUMBIANA,0.075000,0.057500,0.017500,0.000000,0.000000,0
OH,44410,CORTLAND,0.067500,0.057500,0.010000,0.000000,0.000000,0
OH,44411,PORTAGE,0.070000,0.057500,0.012500,0.000000,0.000000,0
OH,44412,MAHONING,0.075000,0.057500,0.017500,0.000000,0.000000,0
OH,44413,EAST PALESTINE,0.072500,0.057500,0.015000,0.000000,0.000000,0
OH,44415,COLUMBIANA,0.072500,0.057500,0.015000,0.000000,0.000000,0
OH,44416,MAHONING,0.075000,0.057500,0.017500,0.000000,0.000000,0
OH,44417,TRUMBULL,0.067500,0.057500,0.010000,0.000000,0.000000,0
OH,44418,TRUMBULL,0.067500,0.057500,0.010000,0.000000,0.000000,0
OH,44420,YOUNGSTOWN,0.075000,0.057500,0.017500,0.000000,0.000000,0
OH,44422,MAHONING,0.075000,0.057500,0.017500,0.000000,0.000000,0
OH,44423,HANOVERTON,0.072500,0.057500,0.015000,0.000000,0.000000,0
OH,44424,TRUMBULL,0.067500,0.057500,0.010000,0.000000,0.000000,0
OH,44425,MAHONING,0.075000,0.057500,0.017500,0.000000,0.000000,0
OH,44427,SUMMITVILLE,0.072500,0.057500,0.015000,0.000000,0.000000,0
OH,44428,ASHTABULA,0.067500,0.057500,0.010000,0.000000,0.000000,0
OH,44429,CRAIG BEACH,0.075000,0.057500,0.017500,0.000000,0.000000,0
OH,44430,TRUMBULL,0.067500,0.057500,0.010000,0.000000,0.000000,0
OH,44431,COLUMBIANA,0.072500,0.057500,0.015000,0.000000,0.000000,0
OH,44432,LISBON,0.072500,0.057500,0.015000,0.000000,0.000000,0
OH,44436,STRUTHERS,0.075000,0.057500,0.017500,0.000000,0.000000,0
OH,44437,MAHONING,0.075000,0.057500,0.017500,0.000000,0.000000,0
OH,44438,TRUMBULL,0.067500,0.057500,0.010000,0.000000,0.000000,0
OH,44439,TRUMBULL,0.067500,0.057500,0.010000,0.000000,0.000000,0
OH,44440,MAHONING,0.075000,0.057500,0.017500,0.000000,0.000000,0
OH,44441,COLUMBIANA,0.072500,0.057500,0.015000,0.000000,0.000000,0
OH,44442,NEW MIDDLETOWN,0.075000,0.057500,0.017500,0.000000,0.000000,0
OH,44443,MAHONING,0.075000,0.057500,0.017500,0.000000,0.000000,0
OH,44444,MAHONING,0.075000,0.057500,0.017500,0.000000,0.000000,0
OH,44445,COLUMBIANA,0.072500,0.057500,0.015000,0.000000,0.000000,0
OH,44446,TRUMBULL,0.067500,0.057500,0.010000,0.000000,0.000000,0
OH,44449,MAHONING,0.075000,0.057500,0.017500,0.000000,0.000000,0
OH,44450,TRUMBULL,0.067500,0.057500,0.010000,0.000000,0.000000,0
OH,44451,MAHONING,0.075000,0.057500,0.017500,0.000000,0.000000,0
OH,44452,MAHONING,0.075000,0.057500,0.017500,0.000000,0.000000,0
OH,44453,ORANGEVILLE,0.067500,0.057500,0.010000,0.000000,0.000000,0
OH,44454,MAHONING,0.075000,0.057500,0.017500,0.000000,0.000000,0
OH,44455,COLUMBIANA,0.072500,0.057500,0.015000,0.000000,0.000000,0
OH,44460,MAHONING,0.075000,0.057500,0.017500,0.000000,0.000000,0
OH,44470,PORTAGE,0.070000,0.057500,0.012500,0.000000,0.000000,0
OH,44471,STRUTHERS,0.075000,0.057500,0.017500,0.000000,0.000000,0
OH,44473,TRUMBULL,0.067500,0.057500,0.010000,0.000000,0.000000,0
OH,44481,MAHONING,0.075000,0.057500,0.017500,0.000000,0.000000,0
OH,44482,WARREN,0.067500,0.057500,0.010000,0.000000,0.000000,0
OH,44483,TRUMBULL,0.067500,0.057500,0.010000,0.000000,0.000000,0
OH,44484,TRUMBULL,0.067500,0.057500,0.010000,0.000000,0.000000,0
OH,44485,WARREN,0.067500,0.057500,0.010000,0.000000,0.000000,0
OH,44490,WASHINGTONVILLE,0.075000,0.057500,0.017500,0.000000,0.000000,0
OH,44491,PORTAGE,0.070000,0.057500,0.012500,0.000000,0.000000,0
OH,44492,COLUMBIANA,0.072500,0.057500,0.015000,0.000000,0.000000,0
OH,44493,COLUMBIANA,0.072500,0.057500,0.015000,0.000000,0.000000,0
OH,44501,YOUNGSTOWN,0.075000,0.057500,0.017500,0.000000,0.000000,0
OH,44502,YOUNGSTOWN,0.075000,0.057500,0.017500,0.000000,0.000000,0
OH,44503,YOUNGSTOWN,0.075000,0.057500,0.017500,0.000000,0.000000,0
OH,44504,YOUNGSTOWN,0.075000,0.057500,0.017500,0.000000,0.000000,0
OH,44505,YOUNGSTOWN,0.075000,0.057500,0.017500,0.000000,0.000000,0
OH,44506,YOUNGSTOWN,0.075000,0.057500,0.017500,0.000000,0.000000,0
OH,44507,YOUNGSTOWN,0.075000,0.057500,0.017500,0.000000,0.000000,0
OH,44509,MAHONING,0.075000,0.057500,0.017500,0.000000,0.000000,0
OH,44510,YOUNGSTOWN,0.075000,0.057500,0.017500,0.000000,0.000000,0
OH,44511,MAHONING,0.075000,0.057500,0.017500,0.000000,0.000000,0
OH,44512,YOUNGSTOWN,0.075000,0.057500,0.017500,0.000000,0.000000,0
OH,44513,MAHONING,0.075000,0.057500,0.017500,0.000000,0.000000,0
OH,44514,MAHONING,0.075000,0.057500,0.017500,0.000000,0.000000,0
OH,44515,MAHONING,0.075000,0.057500,0.017500,0.000000,0.000000,0
OH,44555,YOUNGSTOWN,0.075000,0.057500,0.017500,0.000000,0.000000,0
OH,44601,ALLIANCE,0.075000,0.057500,0.017500,0.000000,0.000000,0
OH,44606,MOUNT EATON,0.065000,0.057500,0.007500,0.000000,0.000000,0
OH,44607,CARROLL,0.067500,0.057500,0.010000,0.000000,0.000000,0
OH,44608,TUSCARAWAS,0.067500,0.057500,0.010000,0.000000,0.000000,0
OH,44609,BELOIT,0.075000,0.057500,0.017500,0.000000,0.000000,0
OH,44610,HOLMES,0.070000,0.057500,0.012500,0.000000,0.000000,0
OH,44611,HOLMES,0.070000,0.057500,0.012500,0.000000,0.000000,0
OH,44612,BOLIVAR,0.067500,0.057500,0.010000,0.000000,0.000000,0
OH,44613,BREWSTER,0.065000,0.057500,0.007500,0.000000,0.000000,0
OH,44614,CLINTON,0.067500,0.057500,0.010000,0.000000,0.000000,0
OH,44615,CARROLL,0.067500,0.057500,0.010000,0.000000,0.000000,0
OH,44617,HOLMES,0.070000,0.057500,0.012500,0.000000,0.000000,0
OH,44618,MOUNT EATON,0.065000,0.057500,0.007500,0.000000,0.000000,0
OH,44619,MAHONING,0.075000,0.057500,0.017500,0.000000,0.000000,0
OH,44620,DELLROY,0.067500,0.057500,0.010000,0.000000,0.000000,0
OH,44621,HARRISON,0.072500,0.057500,0.015000,0.000000,0.000000,0
OH,44622,TUSCARAWAS,0.067500,0.057500,0.010000,0.000000,0.000000,0
OH,44624,HOLMES,0.070000,0.057500,0.012500,0.000000,0.000000,0
OH,44625,COLUMBIANA,0.072500,0.057500,0.015000,0.000000,0.000000,0
OH,44626,TUSCARAWAS,0.067500,0.057500,0.010000,0.000000,0.000000,0
OH,44627,HOLMES,0.070000,0.057500,0.012500,0.000000,0.000000,0
OH,44628,KNOX,0.072500,0.057500,0.015000,0.000000,0.000000,0
OH,44629,GNADENHUTTEN,0.067500,0.057500,0.010000,0.000000,0.000000,0
OH,44630,STARK,0.065000,0.057500,0.007500,0.000000,0.000000,0
OH,44632,PORTAGE,0.070000,0.057500,0.012500,0.000000,0.000000,0
OH,44633,HOLMES,0.070000,0.057500,0.012500,0.000000,0.000000,0
OH,44634,COLUMBIANA,0.072500,0.057500,0.015000,0.000000,0.000000,0
OH,44636,WAYNE,0.065000,0.057500,0.007500,0.000000,0.000000,0
OH,44637,COSHOCTON,0.077500,0.057500,0.020000,0.000000,0.000000,0
OH,44638,NASHVILLE,0.070000,0.057500,0.012500,0.000000,0.000000,0
OH,44639,LEESVILLE,0.067500,0.057500,0.010000,0.000000,0.000000,0
OH,44640,ALLIANCE,0.065000,0.057500,0.007500,0.000000,0.000000,0
OH,44641,STARK,0.065000,0.057500,0.007500,0.000000,0.000000,0
OH,44643,MAGNOLIA,0.067500,0.057500,0.010000,0.000000,0.000000,0
OH,44644,MALVERN,0.067500,0.057500,0.010000,0.000000,0.000000,0
OH,44645,CLINTON,0.067500,0.057500,0.010000,0.000000,0.000000,0
OH,44646,STARK,0.065000,0.057500,0.007500,0.000000,0.000000,0
OH,44647,STARK,0.065000,0.057500,0.007500,0.000000,0.000000,0
OH,44648,MASSILLON,0.065000,0.057500,0.007500,0.000000,0.000000,0
OH,44650,ALLIANCE,0.065000,0.057500,0.007500,0.000000,0.000000,0
OH,44651,CARROLL,0.067500,0.057500,0.010000,0.000000,0.000000,0
OH,44652,STARK,0.065000,0.057500,0.007500,0.000000,0.000000,0
OH,44653,MIDVALE,0.067500,0.057500,0.010000,0.000000,0.000000,0
OH,44654,COSHOCTON,0.077500,0.057500,0.020000,0.000000,0.000000,0
OH,44656,MINERAL CITY,0.067500,0.057500,0.010000,0.000000,0.000000,0
OH,44657,COLUMBIANA,0.072500,0.057500,0.015000,0.000000,0.000000,0
OH,44659,MOUNT EATON,0.065000,0.057500,0.007500,0.000000,0.000000,0
OH,44660,HOLMES,0.070000,0.057500,0.012500,0.000000,0.000000,0
OH,44661,NASHVILLE,0.070000,0.057500,0.012500,0.000000,0.000000,0
OH,44662,BREWSTER,0.065000,0.057500,0.007500,0.000000,0.000000,0
OH,44663,BARNHILL,0.067500,0.057500,0.010000,0.000000,0.000000,0
OH,44665,COLUMBIANA,0.072500,0.057500,0.015000,0.000000,0.000000,0
OH,44666,STARK,0.065000,0.057500,0.007500,0.000000,0.000000,0
OH,44667,ORRVILLE,0.065000,0.057500,0.007500,0.000000,0.000000,0
OH,44669,STARK,0.065000,0.057500,0.007500,0.000000,0.000000,0
OH,44670,STARK,0.065000,0.057500,0.007500,0.000000,0.000000,0
OH,44671,TUSCARAWAS,0.067500,0.057500,0.010000,0.000000,0.000000,0
OH,44672,BELOIT,0.075000,0.057500,0.017500,0.000000,0.000000,0
OH,44675,DELLROY,0.067500,0.057500,0.010000,0.000000,0.000000,0
OH,44676,HOLMES,0.070000,0.057500,0.012500,0.000000,0.000000,0
OH,44677,SMITHVILLE,0.065000,0.057500,0.007500,0.000000,0.000000,0
OH,44678,TUSCARAWAS,0.067500,0.057500,0.010000,0.000000,0.000000,0
OH,44679,TUSCARAWAS,0.067500,0.057500,0.010000,0.000000,0.000000,0
OH,44680,TUSCARAWAS,0.067500,0.057500,0.010000,0.000000,0.000000,0
OH,44681,HOLMES,0.070000,0.057500,0.012500,0.000000,0.000000,0
OH,44682,TUSCARAWAS,0.067500,0.057500,0.010000,0.000000,0.000000,0
OH,44683,HARRISON,0.072500,0.057500,0.015000,0.000000,0.000000,0
OH,44685,SUMMIT,0.067500,0.057500,0.010000,0.000000,0.000000,0
OH,44687,HOLMES,0.070000,0.057500,0.012500,0.000000,0.000000,0
OH,44688,CARROLL,0.067500,0.057500,0.010000,0.000000,0.000000,0
OH,44689,HOLMES,0.070000,0.057500,0.012500,0.000000,0.000000,0
OH,44690,HOLMES,0.070000,0.057500,0.012500,0.000000,0.000000,0
OH,44691,ASHLAND,0.070000,0.057500,0.012500,0.000000,0.000000,0
OH,44693,DEERSVILLE,0.072500,0.057500,0.015000,0.000000,0.000000,0
OH,44695,BOWERSTON,0.072500,0.057500,0.015000,0.000000,0.000000,0
OH,44697,ZOAR,0.067500,0.057500,0.010000,0.000000,0.000000,0
OH,44699,GUERNSEY,0.072500,0.057500,0.015000,0.000000,0.000000,0
OH,44701,CANTON,0.065000,0.057500,0.007500,0.000000,0.000000,0
OH,44702,CANTON,0.065000,0.057500,0.007500,0.000000,0.000000,0
OH,44703,CANTON,0.065000,0.057500,0.007500,0.000000,0.000000,0
OH,44704,CANTON,0.065000,0.057500,0.007500,0.000000,0.000000,0
OH,44705,CANTON,0.065000,0.057500,0.007500,0.000000,0.000000,0
OH,44706,CANTON,0.065000,0.057500,0.007500,0.000000,0.000000,0
OH,44707,CANTON,0.065000,0.057500,0.007500,0.000000,0.000000,0
OH,44708,CANTON,0.065000,0.057500,0.007500,0.000000,0.000000,0
OH,44709,CANTON,0.065000,0.057500,0.007500,0.000000,0.000000,0
OH,44710,CANTON,0.065000,0.057500,0.007500,0.000000,0.000000,0
OH,44711,CANTON,0.065000,0.057500,0.007500,0.000000,0.000000,0
OH,44714,CANTON,0.065000,0.057500,0.007500,0.000000,0.000000,0
OH,44718,CANTON,0.065000,0.057500,0.007500,0.000000,0.000000,0
OH,44720,GREEN,0.067500,0.057500,0.010000,0.000000,0.000000,0
OH,44721,STARK,0.065000,0.057500,0.007500,0.000000,0.000000,0
OH,44730,CARROLL,0.067500,0.057500,0.010000,0.000000,0.000000,0
OH,44735,STARK,0.065000,0.057500,0.007500,0.000000,0.000000,0
OH,44750,CANTON,0.065000,0.057500,0.007500,0.000000,0.000000,0
OH,44767,STARK,0.065000,0.057500,0.007500,0.000000,0.000000,0
OH,44799,CANTON,0.065000,0.057500,0.007500,0.000000,0.000000,0
OH,44802,SENECA,0.072500,0.057500,0.015000,0.000000,0.000000,0
OH,44804,ARCADIA,0.067500,0.057500,0.010000,0.000000,0.000000,0
OH,44805,ASHLAND,0.070000,0.057500,0.012500,0.000000,0.000000,0
OH,44807,ATTICA,0.072500,0.057500,0.015000,0.000000,0.000000,0
OH,44809,SENECA,0.072500,0.057500,0.015000,0.000000,0.000000,0
OH,44811,BELLEVUE,0.072500,0.057500,0.015000,0.000000,0.000000,0
OH,44813,KNOX,0.072500,0.057500,0.015000,0.000000,0.000000,0
OH,44814,BERLIN HEIGHTS,0.067500,0.057500,0.010000,0.000000,0.000000,0
OH,44815,BETTSVILLE,0.072500,0.057500,0.015000,0.000000,0.000000,0
OH,44816,ERIE,0.067500,0.057500,0.010000,0.000000,0.000000,0
OH,44817,BLOOMDALE,0.067500,0.057500,0.010000,0.000000,0.000000,0
OH,44818,CHATFIELD,0.072500,0.057500,0.015000,0.000000,0.000000,0
OH,44820,CRAWFORD,0.072500,0.057500,0.015000,0.000000,0.000000,0
OH,44822,KNOX,0.072500,0.057500,0.015000,0.000000,0.000000,0
OH,44824,SANDUSKY,0.072500,0.057500,0.015000,0.000000,0.000000,0
OH,44825,CHATFIELD,0.072500,0.057500,0.015000,0.000000,0.000000,0
OH,44826,HURON,0.072500,0.057500,0.015000,0.000000,0.000000,0
OH,44827,CRESTLINE,0.072500,0.057500,0.015000,0.000000,0.000000,0
OH,44828,SENECA,0.072500,0.057500,0.015000,0.000000,0.000000,0
OH,44830,SENECA,0.072500,0.057500,0.015000,0.000000,0.000000,0
OH,44833,MORROW,0.072500,0.057500,0.015000,0.000000,0.000000,0
OH,44836,GREEN SPRINGS,0.072500,0.057500,0.015000,0.000000,0.000000,0
OH,44837,GREENWICH,0.072500,0.057500,0.015000,0.000000,0.000000,0
OH,44838,HAYESVILLE,0.070000,0.057500,0.012500,0.000000,0.000000,0
OH,44839,HURON,0.067500,0.057500,0.010000,0.000000,0.000000,0
OH,44840,JEROMESVILLE,0.070000,0.057500,0.012500,0.000000,0.000000,0
OH,44841,BETTSVILLE,0.072500,0.057500,0.015000,0.000000,0.000000,0
OH,44842,KNOX,0.072500,0.057500,0.015000,0.000000,0.000000,0
OH,44843,RICHLAND,0.070000,0.057500,0.012500,0.000000,0.000000,0
OH,44844,SENECA,0.072500,0.057500,0.015000,0.000000,0.000000,0
OH,44846,MILAN,0.072500,0.057500,0.015000,0.000000,0.000000,0
OH,44847,MONROEVILLE,0.072500,0.057500,0.015000,0.000000,0.000000,0
OH,44848,ASHLAND,0.070000,0.057500,0.012500,0.000000,0.000000,0
OH,44849,CRAWFORD,0.072500,0.057500,0.015000,0.000000,0.000000,0
OH,44850,HURON,0.072500,0.057500,0.015000,0.000000,0.000000,0
OH,44851,NEW LONDON,0.072500,0.057500,0.015000,0.000000,0.000000,0
OH,44853,SENECA,0.072500,0.057500,0.015000,0.000000,0.000000,0
OH,44854,NEW WASHINGTON,0.072500,0.057500,0.015000,0.000000,0.000000,0
OH,44855,NORTH FAIRFIELD,0.072500,0.057500,0.015000,0.000000,0.000000,0
OH,44856,NORTH ROBINSON,0.072500,0.057500,0.015000,0.000000,0.000000,0
OH,44857,MILAN,0.072500,0.057500,0.015000,0.000000,0.000000,0
OH,44859,SAVANNAH,0.070000,0.057500,0.012500,0.000000,0.000000,0
OH,44860,CRAWFORD,0.072500,0.057500,0.015000,0.000000,0.000000,0
OH,44861,SENECA,0.072500,0.057500,0.015000,0.000000,0.000000,0
OH,44862,ONTARIO,0.070000,0.057500,0.012500,0.000000,0.000000,0
OH,44864,PERRYSVILLE,0.070000,0.057500,0.012500,0.000000,0.000000,0
OH,44865,PLYMOUTH,0.072500,0.057500,0.015000,0.000000,0.000000,0
OH,44866,POLK,0.070000,0.057500,0.012500,0.000000,0.000000,0
OH,44867,SENECA,0.072500,0.057500,0.015000,0.000000,0.000000,0
OH,44870,ERIE,0.067500,0.057500,0.010000,0.000000,0.000000,0
OH,44871,SANDUSKY,0.067500,0.057500,0.010000,0.000000,0.000000,0
OH,44874,SAVANNAH,0.070000,0.057500,0.012500,0.000000,0.000000,0
OH,44875,CRAWFORD,0.072500,0.057500,0.015000,0.000000,0.000000,0
OH,44878,HURON,0.072500,0.057500,0.015000,0.000000,0.000000,0
OH,44880,ASHLAND,0.070000,0.057500,0.012500,0.000000,0.000000,0
OH,44881,CRAWFORD,0.072500,0.057500,0.015000,0.000000,0.000000,0
OH,44882,CRAWFORD,0.072500,0.057500,0.015000,0.000000,0.000000,0
OH,44883,TIFFIN,0.072500,0.057500,0.015000,0.000000,0.000000,0
OH,44887,TIRO,0.072500,0.057500,0.015000,0.000000,0.000000,0
OH,44888,WILLARD,0.072500,0.057500,0.015000,0.000000,0.000000,0
OH,44889,WAKEMAN,0.072500,0.057500,0.015000,0.000000,0.000000,0
OH,44890,WILLARD,0.072500,0.057500,0.015000,0.000000,0.000000,0
OH,44901,MANSFIELD,0.070000,0.057500,0.012500,0.000000,0.000000,0
OH,44902,LEXINGTON,0.070000,0.057500,0.012500,0.000000,0.000000,0
OH,44903,MORROW,0.072500,0.057500,0.015000,0.000000,0.000000,0
OH,44904,MORROW,0.072500,0.057500,0.015000,0.000000,0.000000,0
OH,44905,RICHLAND,0.070000,0.057500,0.012500,0.000000,0.000000,0
OH,44906,MANSFIELD,0.070000,0.057500,0.012500,0.000000,0.000000,0
OH,44907,MANSFIELD,0.070000,0.057500,0.012500,0.000000,0.000000,0
OH,45001,ADDYSTON,0.078000,0.057500,0.020499,0.000000,0.000000,0
OH,45002,HAMILTON,0.078000,0.057500,0.020499,0.000000,0.000000,0
OH,45003,COLLEGE CORNER,0.072500,0.057500,0.015000,0.000000,0.000000,0
OH,45004,BUTLER,0.065000,0.057500,0.007500,0.000000,0.000000,0
OH,45005,CARLISLE,0.075000,0.057500,0.017500,0.000000,0.000000,0
OH,45011,BUTLER,0.065000,0.057500,0.007500,0.000000,0.000000,0
OH,45012,HAMILTON,0.065000,0.057500,0.007500,0.000000,0.000000,0
OH,45013,NORTH BEND,0.078000,0.057500,0.020499,0.000000,0.000000,0
OH,45014,HAMILTON,0.078000,0.057500,0.020499,0.000000,0.000000,0
OH,45015,HAMILTON,0.065000,0.057500,0.007500,0.000000,0.000000,0
OH,45018,HAMILTON,0.065000,0.057500,0.007500,0.000000,0.000000,0
OH,45030,HARRISON,0.078000,0.057500,0.020499,0.000000,0.000000,0
OH,45032,HARVEYSBURG,0.067500,0.057500,0.010000,0.000000,0.000000,0
OH,45033,HAMILTON,0.078000,0.057500,0.020499,0.000000,0.000000,0
OH,45034,WARREN,0.067500,0.057500,0.010000,0.000000,0.000000,0
OH,45036,WARREN,0.067500,0.057500,0.010000,0.000000,0.000000,0
OH,45039,MASON,0.067500,0.057500,0.010000,0.000000,0.000000,0
OH,45040,WARREN,0.067500,0.057500,0.010000,0.000000,0.000000,0
OH,45041,HAMILTON,0.078000,0.057500,0.020499,0.000000,0.000000,0
OH,45042,MONTGOMERY,0.075000,0.057500,0.017500,0.000000,0.000000,0
OH,45044,WARREN,0.067500,0.057500,0.010000,0.000000,0.000000,0
OH,45050,MONROE,0.067500,0.057500,0.010000,0.000000,0.000000,0
OH,45051,HAMILTON,0.078000,0.057500,0.020499,0.000000,0.000000,0
OH,45052,ADDYSTON,0.078000,0.057500,0.020499,0.000000,0.000000,0
OH,45053,BUTLER,0.065000,0.057500,0.007500,0.000000,0.000000,0
OH,45054,WARREN,0.067500,0.057500,0.010000,0.000000,0.000000,0
OH,45055,HAMILTON,0.065000,0.057500,0.007500,0.000000,0.000000,0
OH,45056,PREBLE,0.072500,0.057500,0.015000,0.000000,0.000000,0
OH,45061,HAMILTON,0.065000,0.057500,0.007500,0.000000,0.000000,0
OH,45062,SEVEN MILE,0.065000,0.057500,0.007500,0.000000,0.000000,0
OH,45063,BUTLER,0.065000,0.057500,0.007500,0.000000,0.000000,0
OH,45064,WEST ELKTON,0.072500,0.057500,0.015000,0.000000,0.000000,0
OH,45065,WARREN,0.067500,0.057500,0.010000,0.000000,0.000000,0
OH,45066,SPRINGBORO,0.075000,0.057500,0.017500,0.000000,0.000000,0
OH,45067,TRENTON,0.065000,0.057500,0.007500,0.000000,0.000000,0
OH,45068,MONTGOMERY,0.075000,0.057500,0.017500,0.000000,0.000000,0
OH,45069,SHARONVILLE,0.078000,0.057500,0.020499,0.000000,0.000000,0
OH,45070,WEST ELKTON,0.072500,0.057500,0.015000,0.000000,0.000000,0
OH,45071,BUTLER,0.065000,0.057500,0.007500,0.000000,0.000000,0
OH,45101,ADAMS,0.072500,0.057500,0.015000,0.000000,0.000000,0
OH,45102,CLERMONT,0.067500,0.057500,0.010000,0.000000,0.000000,0
OH,45103,BATAVIA,0.067500,0.057500,0.010000,0.000000,0.000000,0
OH,45105,MANCHESTER,0.072500,0.057500,0.015000,0.000000,0.000000,0
OH,45106,MOUNT ORAB,0.070000,0.057500,0.012500,0.000000,0.000000,0
OH,45107,CLINTON,0.072500,0.057500,0.015000,0.000000,0.000000,0
OH,45111,INDIAN HILL,0.078000,0.057500,0.020499,0.000000,0.000000,0
OH,45112,CHILO,0.067500,0.057500,0.010000,0.000000,0.000000,0
OH,45113,CLARKSVILLE,0.072500,0.057500,0.015000,0.000000,0.000000,0
OH,45114,CLINTON,0.072500,0.057500,0.015000,0.000000,0.000000,0
OH,45115,BROWN,0.070000,0.057500,0.012500,0.000000,0.000000,0
OH,45118,HIGHLAND,0.072500,0.057500,0.015000,0.000000,0.000000,0
OH,45119,BROWN,0.070000,0.057500,0.012500,0.000000,0.000000,0
OH,45120,BROWN,0.070000,0.057500,0.012500,0.000000,0.000000,0
OH,45121,HIGGINSPORT,0.070000,0.057500,0.012500,0.000000,0.000000,0
OH,45122,NEWTONSVILLE,0.067500,0.057500,0.010000,0.000000,0.000000,0
OH,45123,GREENFIELD,0.072500,0.057500,0.015000,0.000000,0.000000,0
OH,45130,HAMERSVILLE,0.070000,0.057500,0.012500,0.000000,0.000000,0
OH,45131,HIGGINSPORT,0.070000,0.057500,0.012500,0.000000,0.000000,0
OH,45132,HIGHLAND,0.072500,0.057500,0.015000,0.000000,0.000000,0
OH,45133,HILLSBORO,0.072500,0.057500,0.015000,0.000000,0.000000,0
OH,45135,HIGHLAND,0.072500,0.057500,0.015000,0.000000,0.000000,0
OH,45140,LOVELAND,0.078000,0.057500,0.020499,0.000000,0.000000,0
OH,45142,LYNCHBURG,0.072500,0.057500,0.015000,0.000000,0.000000,0
OH,45144,MANCHESTER,0.072500,0.057500,0.015000,0.000000,0.000000,0
OH,45146,MARTINSVILLE,0.072500,0.057500,0.015000,0.000000,0.000000,0
OH,45147,CLERMONT,0.067500,0.057500,0.010000,0.000000,0.000000,0
OH,45148,MIDLAND,0.072500,0.057500,0.015000,0.000000,0.000000,0
OH,45150,INDIAN HILL,0.078000,0.057500,0.020499,0.000000,0.000000,0
OH,45152,WARREN,0.067500,0.057500,0.010000,0.000000,0.000000,0
OH,45153,NEVILLE,0.067500,0.057500,0.010000,0.000000,0.000000,0
OH,45154,HIGHLAND,0.072500,0.057500,0.015000,0.000000,0.000000,0
OH,45155,MOWRYSTOWN,0.072500,0.057500,0.015000,0.000000,0.000000,0
OH,45156,NEVILLE,0.067500,0.057500,0.010000,0.000000,0.000000,0
OH,45157,NEW RICHMOND,0.067500,0.057500,0.010000,0.000000,0.000000,0
OH,45158,NEWTONSVILLE,0.067500,0.057500,0.010000,0.000000,0.000000,0
OH,45159,NEW VIENNA,0.072500,0.057500,0.015000,0.000000,0.000000,0
OH,45160,OWENSVILLE,0.067500,0.057500,0.010000,0.000000,0.000000,0
OH,45162,BUTLERVILLE,0.067500,0.057500,0.010000,0.000000,0.000000,0
OH,45164,PORT WILLIAM,0.072500,0.057500,0.015000,0.000000,0.000000,0
OH,45166,SABINA,0.072500,0.057500,0.015000,0.000000,0.000000,0
OH,45167,RIPLEY,0.070000,0.057500,0.012500,0.000000,0.000000,0
OH,45168,RUSSELLVILLE,0.070000,0.057500,0.012500,0.000000,0.000000,0
OH,45169,CLINTON,0.072500,0.057500,0.015000,0.000000,0.000000,0
OH,45171,MOWRYSTOWN,0.072500,0.057500,0.015000,0.000000,0.000000,0
OH,45172,SINKING SPRING,0.072500,0.057500,0.015000,0.000000,0.000000,0
OH,45174,TERRACE PARK,0.078000,0.057500,0.020499,0.000000,0.000000,0
OH,45176,MOUNT ORAB,0.070000,0.057500,0.012500,0.000000,0.000000,0
OH,45177,CLINTON,0.072500,0.057500,0.015000,0.000000,0.000000,0
OH,45201,CINCINNATI,0.078000,0.057500,0.020499,0.000000,0.000000,0
OH,45202,BANKS COMMUNITY AUTHORITY,0.078000,0.057500,0.020499,0.000000,0.000000,0
OH,45203,CINCINNATI,0.078000,0.057500,0.020499,0.000000,0.000000,0
OH,45204,CINCINNATI,0.078000,0.057500,0.020499,0.000000,0.000000,0
OH,45205,CINCINNATI,0.078000,0.057500,0.020499,0.000000,0.000000,0
OH,45206,CINCINNATI,0.078000,0.057500,0.020499,0.000000,0.000000,0
OH,45207,CINCINNATI,0.078000,0.057500,0.020499,0.000000,0.000000,0
OH,45208,CINCINNATI,0.078000,0.057500,0.020499,0.000000,0.000000,0
OH,45209,CINCINNATI,0.078000,0.057500,0.020499,0.000000,0.000000,0
OH,45211,CHEVIOT,0.078000,0.057500,0.020499,0.000000,0.000000,0
OH,45212,CINCINNATI,0.078000,0.057500,0.020499,0.000000,0.000000,0
OH,45213,AMBERLEY,0.078000,0.057500,0.020499,0.000000,0.000000,0
OH,45214,CINCINNATI,0.078000,0.057500,0.020499,0.000000,0.000000,0
OH,45215,ARLINGTON HEIGHTS,0.078000,0.057500,0.020499,0.000000,0.000000,0
OH,45216,CINCINNATI,0.078000,0.057500,0.020499,0.000000,0.000000,0
OH,45217,CINCINNATI,0.078000,0.057500,0.020499,0.000000,0.000000,0
OH,45218,GREENHILLS,0.078000,0.057500,0.020499,0.000000,0.000000,0
OH,45219,CINCINNATI,0.078000,0.057500,0.020499,0.000000,0.000000,0
OH,45220,CINCINNATI,0.078000,0.057500,0.020499,0.000000,0.000000,0
OH,45221,CINCINNATI,0.078000,0.057500,0.020499,0.000000,0.000000,0
OH,45222,CINCINNATI,0.078000,0.057500,0.020499,0.000000,0.000000,0
OH,45223,HAMILTON,0.078000,0.057500,0.020499,0.000000,0.000000,0
OH,45224,CINCINNATI,0.078000,0.057500,0.020499,0.000000,0.000000,0
OH,45225,CINCINNATI,0.078000,0.057500,0.020499,0.000000,0.000000,0
OH,45226,CINCINNATI,0.078000,0.057500,0.020499,0.000000,0.000000,0
OH,45227,CINCINNATI,0.078000,0.057500,0.020499,0.000000,0.000000,0
OH,45229,ARLINGTON HEIGHTS,0.078000,0.057500,0.020499,0.000000,0.000000,0
OH,45230,CINCINNATI,0.078000,0.057500,0.020499,0.000000,0.000000,0
OH,45231,HAMILTON,0.078000,0.057500,0.020499,0.000000,0.000000,0
OH,45232,CINCINNATI,0.078000,0.057500,0.020499,0.000000,0.000000,0
OH,45233,HAMILTON,0.078000,0.057500,0.020499,0.000000,0.000000,0
OH,45234,CINCINNATI,0.078000,0.057500,0.020499,0.000000,0.000000,0
OH,45235,SHARONVILLE,0.078000,0.057500,0.020499,0.000000,0.000000,0
OH,45236,AMBERLEY,0.078000,0.057500,0.020499,0.000000,0.000000,0
OH,45237,AMBERLEY,0.078000,0.057500,0.020499,0.000000,0.000000,0
OH,45238,HAMILTON,0.078000,0.057500,0.020499,0.000000,0.000000,0
OH,45239,HAMILTON,0.078000,0.057500,0.020499,0.000000,0.000000,0
OH,45240,FOREST PARK,0.078000,0.057500,0.020499,0.000000,0.000000,0
OH,45241,BLUE ASH,0.078000,0.057500,0.020499,0.000000,0.000000,0
OH,45242,INDIAN HILL,0.078000,0.057500,0.020499,0.000000,0.000000,0
OH,45243,INDIAN HILL,0.078000,0.057500,0.020499,0.000000,0.000000,0
OH,45244,NEWTOWN,0.078000,0.057500,0.020499,0.000000,0.000000,0
OH,45245,CLERMONT,0.067500,0.057500,0.010000,0.000000,0.000000,0
OH,45246,HAMILTON,0.078000,0.057500,0.020499,0.000000,0.000000,0
OH,45247,HAMILTON,0.078000,0.057500,0.020499,0.000000,0.000000,0
OH,45248,HAMILTON,0.078000,0.057500,0.020499,0.000000,0.000000,0
OH,45249,INDIAN HILL,0.078000,0.057500,0.020499,0.000000,0.000000,0
OH,45250,CINCINNATI,0.078000,0.057500,0.020499,0.000000,0.000000,0
OH,45251,HAMILTON,0.078000,0.057500,0.020499,0.000000,0.000000,0
OH,45252,HAMILTON,0.078000,0.057500,0.020499,0.000000,0.000000,0
OH,45253,HAMILTON,0.078000,0.057500,0.020499,0.000000,0.000000,0
OH,45254,HAMILTON,0.078000,0.057500,0.020499,0.000000,0.000000,0
OH,45255,CINCINNATI,0.078000,0.057500,0.020499,0.000000,0.000000,0
OH,45258,HAMILTON,0.078000,0.057500,0.020499,0.000000,0.000000,0
OH,45262,SHARONVILLE,0.078000,0.057500,0.020499,0.000000,0.000000,0
OH,45263,CINCINNATI,0.078000,0.057500,0.020499,0.000000,0.000000,0
OH,45264,CINCINNATI,0.078000,0.057500,0.020499,0.000000,0.000000,0
OH,45267,CINCINNATI,0.078000,0.057500,0.020499,0.000000,0.000000,0
OH,45268,CINCINNATI,0.078000,0.057500,0.020499,0.000000,0.000000,0
OH,45269,CINCINNATI,0.078000,0.057500,0.020499,0.000000,0.000000,0
OH,45270,CINCINNATI,0.078000,0.057500,0.020499,0.000000,0.000000,0
OH,45271,CINCINNATI,0.078000,0.057500,0.020499,0.000000,0.000000,0
OH,45273,CINCINNATI,0.078000,0.057500,0.020499,0.000000,0.000000,0
OH,45274,CINCINNATI,0.078000,0.057500,0.020499,0.000000,0.000000,0
OH,45280,CINCINNATI,0.078000,0.057500,0.020499,0.000000,0.000000,0
OH,45296,CINCINNATI,0.078000,0.057500,0.020499,0.000000,0.000000,0
OH,45298,CINCINNATI,0.078000,0.057500,0.020499,0.000000,0.000000,0
OH,45299,CINCINNATI,0.078000,0.057500,0.020499,0.000000,0.000000,0
OH,45301,GREENE,0.067500,0.057500,0.010000,0.000000,0.000000,0
OH,45302,BOTKINS,0.072500,0.057500,0.015000,0.000000,0.000000,0
OH,45303,ANSONIA,0.072500,0.057500,0.015000,0.000000,0.000000,0
OH,45304,PITSBURG,0.072500,0.057500,0.015000,0.000000,0.000000,0
OH,45305,GREENE,0.067500,0.057500,0.010000,0.000000,0.000000,0
OH,45306,BOTKINS,0.072500,0.057500,0.015000,0.000000,0.000000,0
OH,45307,BOWERSVILLE,0.067500,0.057500,0.010000,0.000000,0.000000,0
OH,45308,GETTYSBURG,0.072500,0.057500,0.015000,0.000000,0.000000,0
OH,45309,CLAYTON,0.075000,0.057500,0.017500,0.000000,0.000000,0
OH,45310,BURKETTSVILLE,0.072500,0.057500,0.015000,0.000000,0.000000,0
OH,45311,PREBLE,0.072500,0.057500,0.015000,0.000000,0.000000,0
OH,45312,CHRISTIANSBURG,0.072500,0.057500,0.015000,0.000000,0.000000,0
OH,45314,CLARK,0.072500,0.057500,0.015000,0.000000,0.000000,0
OH,45315,CLAYTON,0.075000,0.057500,0.017500,0.000000,0.000000,0
OH,45316,CLIFTON,0.072500,0.057500,0.015000,0.000000,0.000000,0
OH,45317,CHAMPAIGN,0.072500,0.057500,0.015000,0.000000,0.000000,0
OH,45318,DARKE,0.072500,0.057500,0.015000,0.000000,0.000000,0
OH,45319,DONNELSVILLE,0.072500,0.057500,0.015000,0.000000,0.000000,0
OH,45320,PREBLE,0.072500,0.057500,0.015000,0.000000,0.000000,0
OH,45321,ELDORADO,0.072500,0.057500,0.015000,0.000000,0.000000,0
OH,45322,CLAYTON,0.075000,0.057500,0.017500,0.000000,0.000000,0
OH,45323,ENON,0.072500,0.057500,0.015000,0.000000,0.000000,0
OH,45324,CLARK,0.072500,0.057500,0.015000,0.000000,0.000000,0
OH,45325,FARMERSVILLE,0.075000,0.057500,0.017500,0.000000,0.000000,0
OH,45326,SHELBY,0.072500,0.057500,0.015000,0.000000,0.000000,0
OH,45327,MIAMISBURG,0.075000,0.057500,0.017500,0.000000,0.000000,0
OH,45328,GETTYSBURG,0.072500,0.057500,0.015000,0.000000,0.000000,0
OH,45330,GRATIS,0.072500,0.057500,0.015000,0.000000,0.000000,0
OH,45331,WAYNES LAKES,0.072500,0.057500,0.015000,0.000000,0.000000,0
OH,45332,HOLLANSBURG,0.072500,0.057500,0.015000,0.000000,0.000000,0
OH,45333,SHELBY,0.072500,0.057500,0.015000,0.000000,0.000000,0
OH,45334,JACKSON CENTER,0.072500,0.057500,0.015000,0.000000,0.000000,0
OH,45335,CLINTON,0.072500,0.057500,0.015000,0.000000,0.000000,0
OH,45336,KETTLERSVILLE,0.072500,0.057500,0.015000,0.000000,0.000000,0
OH,45337,DARKE,0.072500,0.057500,0.015000,0.000000,0.000000,0
OH,45338,MONTGOMERY,0.075000,0.057500,0.017500,0.000000,0.000000,0
OH,45339,LUDLOW FALLS,0.070000,0.057500,0.012500,0.000000,0.000000,0
OH,45340,SHELBY,0.072500,0.057500,0.015000,0.000000,0.000000,0
OH,45341,CLARK,0.072500,0.057500,0.015000,0.000000,0.000000,0
OH,45342,MIAMISBURG,0.075000,0.057500,0.017500,0.000000,0.000000,0
OH,45343,MIAMISBURG,0.075000,0.057500,0.017500,0.000000,0.000000,0
OH,45344,HUBER HEIGHTS,0.075000,0.057500,0.017500,0.000000,0.000000,0
OH,45345,TROTWOOD,0.075000,0.057500,0.017500,0.000000,0.000000,0
OH,45346,NEW MADISON,0.072500,0.057500,0.015000,0.000000,0.000000,0
OH,45347,NEW PARIS,0.072500,0.057500,0.015000,0.000000,0.000000,0
OH,45348,TOLEDO,0.077500,0.057500,0.015000,0.000000,0.005000,0
OH,45349,NORTH HAMPTON,0.072500,0.057500,0.015000,0.000000,0.000000,0
OH,45350,NORTH STAR,0.072500,0.057500,0.015000,0.000000,0.000000,0
OH,45351,OSGOOD,0.072500,0.057500,0.015000,0.000000,0.000000,0
OH,45352,PALESTINE,0.072500,0.057500,0.015000,0.000000,0.000000,0
OH,45353,SHELBY,0.072500,0.057500,0.015000,0.000000,0.000000,0
OH,45354,PHILLIPSBURG,0.075000,0.057500,0.017500,0.000000,0.000000,0
OH,45356,LOCKINGTON,0.072500,0.057500,0.015000,0.000000,0.000000,0
OH,45358,PITSBURG,0.072500,0.057500,0.015000,0.000000,0.000000,0
OH,45359,PLEASANT HILL,0.070000,0.057500,0.012500,0.000000,0.000000,0
OH,45360,PORT JEFFERSON,0.072500,0.057500,0.015000,0.000000,0.000000,0
OH,45361,POTSDAM,0.070000,0.057500,0.012500,0.000000,0.000000,0
OH,45362,ROSSBURG,0.072500,0.057500,0.015000,0.000000,0.000000,0
OH,45363,RUSSIA,0.072500,0.057500,0.015000,0.000000,0.000000,0
OH,45365,PORT JEFFERSON,0.072500,0.057500,0.015000,0.000000,0.000000,0
OH,45367,SIDNEY,0.072500,0.057500,0.015000,0.000000,0.000000,0
OH,45368,SOUTH CHARLESTON,0.072500,0.057500,0.015000,0.000000,0.000000,0
OH,45369,CLARK,0.072500,0.057500,0.015000,0.000000,0.000000,0
OH,45370,SPRING VALLEY,0.067500,0.057500,0.010000,0.000000,0.000000,0
OH,45371,MONTGOMERY,0.075000,0.057500,0.017500,0.000000,0.000000,0
OH,45372,TREMONT CITY,0.072500,0.057500,0.015000,0.000000,0.000000,0
OH,45373,TIPP CITY,0.070000,0.057500,0.012500,0.000000,0.000000,0
OH,45374,TROY,0.070000,0.057500,0.012500,0.000000,0.000000,0
OH,45377,MONTGOMERY,0.075000,0.057500,0.017500,0.000000,0.000000,0
OH,45378,VERONA,0.075000,0.057500,0.017500,0.000000,0.000000,0
OH,45380,VERSAILLES,0.072500,0.057500,0.015000,0.000000,0.000000,0
OH,45381,MONTGOMERY,0.075000,0.057500,0.017500,0.000000,0.000000,0
OH,45382,WEST MANCHESTER,0.072500,0.057500,0.015000,0.000000,0.000000,0
OH,45383,DARKE,0.072500,0.057500,0.015000,0.000000,0.000000,0
OH,45384,GREENE,0.067500,0.057500,0.010000,0.000000,0.000000,0
OH,45385,CLINTON,0.072500,0.057500,0.015000,0.000000,0.000000,0
OH,45387,CLIFTON,0.072500,0.057500,0.015000,0.000000,0.000000,0
OH,45388,YORKSHIRE,0.072500,0.057500,0.015000,0.000000,0.000000,0
OH,45389,CHRISTIANSBURG,0.072500,0.057500,0.015000,0.000000,0.000000,0
OH,45390,UNION CITY,0.072500,0.057500,0.015000,0.000000,0.000000,0
OH,45401,DAYTON,0.075000,0.057500,0.017500,0.000000,0.000000,0
OH,45402,MONTGOMERY,0.075000,0.057500,0.017500,0.000000,0.000000,0
OH,45403,DAYTON,0.075000,0.057500,0.017500,0.000000,0.000000,0
OH,45404,DAYTON,0.075000,0.057500,0.017500,0.000000,0.000000,0
OH,45405,DAYTON,0.075000,0.057500,0.017500,0.000000,0.000000,0
OH,45406,DAYTON,0.075000,0.057500,0.017500,0.000000,0.000000,0
OH,45409,DAYTON,0.075000,0.057500,0.017500,0.000000,0.000000,0
OH,45410,WEST CARROLLTON,0.075000,0.057500,0.017500,0.000000,0.000000,0
OH,45412,DAYTON,0.075000,0.057500,0.017500,0.000000,0.000000,0
OH,45413,MONTGOMERY,0.075000,0.057500,0.017500,0.000000,0.000000,0
OH,45414,DAYTON,0.075000,0.057500,0.017500,0.000000,0.000000,0
OH,45415,DAYTON,0.075000,0.057500,0.017500,0.000000,0.000000,0
OH,45416,DAYTON,0.075000,0.057500,0.017500,0.000000,0.000000,0
OH,45417,DAYTON,0.075000,0.057500,0.017500,0.000000,0.000000,0
OH,45419,KETTERING,0.075000,0.057500,0.017500,0.000000,0.000000,0
OH,45420,KETTERING,0.075000,0.057500,0.017500,0.000000,0.000000,0
OH,45422,DAYTON,0.075000,0.057500,0.017500,0.000000,0.000000,0
OH,45423,DAYTON,0.075000,0.057500,0.017500,0.000000,0.000000,0
OH,45424,DAYTON,0.075000,0.057500,0.017500,0.000000,0.000000,0
OH,45426,DAYTON,0.075000,0.057500,0.017500,0.000000,0.000000,0
OH,45428,DAYTON,0.075000,0.057500,0.017500,0.000000,0.000000,0
OH,45429,KETTERING,0.075000,0.057500,0.017500,0.000000,0.000000,0
OH,45430,KETTERING,0.075000,0.057500,0.017500,0.000000,0.000000,0
OH,45431,KETTERING,0.075000,0.057500,0.017500,0.000000,0.000000,0
OH,45432,KETTERING,0.075000,0.057500,0.017500,0.000000,0.000000,0
OH,45433,DAYTON,0.075000,0.057500,0.017500,0.000000,0.000000,0
OH,45434,RIVERSIDE,0.075000,0.057500,0.017500,0.000000,0.000000,0
OH,45435,FAIRBORN,0.067500,0.057500,0.010000,0.000000,0.000000,0
OH,45437,RIVERSIDE,0.075000,0.057500,0.017500,0.000000,0.000000,0
OH,45439,KETTERING,0.075000,0.057500,0.017500,0.000000,0.000000,0
OH,45440,KETTERING,0.075000,0.057500,0.017500,0.000000,0.000000,0
OH,45441,CENTERVILLE,0.075000,0.057500,0.017500,0.000000,0.000000,0
OH,45448,MONTGOMERY,0.075000,0.057500,0.017500,0.000000,0.000000,0
OH,45449,MIAMISBURG,0.075000,0.057500,0.017500,0.000000,0.000000,0
OH,45458,MONTGOMERY,0.075000,0.057500,0.017500,0.000000,0.000000,0
OH,45459,MIAMISBURG,0.075000,0.057500,0.017500,0.000000,0.000000,0
OH,45469,DAYTON,0.075000,0.057500,0.017500,0.000000,0.000000,0
OH,45470,MONTGOMERY,0.075000,0.057500,0.017500,0.000000,0.000000,0
OH,45475,MONTGOMERY,0.075000,0.057500,0.017500,0.000000,0.000000,0
OH,45479,DAYTON,0.075000,0.057500,0.017500,0.000000,0.000000,0
OH,45481,DAYTON,0.075000,0.057500,0.017500,0.000000,0.000000,0
OH,45482,BEAVERCREEK,0.067500,0.057500,0.010000,0.000000,0.000000,0
OH,45490,MONTGOMERY,0.075000,0.057500,0.017500,0.000000,0.000000,0
OH,45501,SPRINGFIELD,0.072500,0.057500,0.015000,0.000000,0.000000,0
OH,45502,SPRINGFIELD,0.072500,0.057500,0.015000,0.000000,0.000000,0
OH,45503,SPRINGFIELD,0.072500,0.057500,0.015000,0.000000,0.000000,0
OH,45504,SPRINGFIELD,0.072500,0.057500,0.015000,0.000000,0.000000,0
OH,45505,SPRINGFIELD,0.072500,0.057500,0.015000,0.000000,0.000000,0
OH,45506,SPRINGFIELD,0.072500,0.057500,0.015000,0.000000,0.000000,0
OH,45601,CHILLICOTHE,0.072500,0.057500,0.015000,0.000000,0.000000,0
OH,45612,BAINBRIDGE,0.072500,0.057500,0.015000,0.000000,0.000000,0
OH,45613,BEAVER,0.072500,0.057500,0.015000,0.000000,0.000000,0
OH,45614,RIO GRANDE,0.072500,0.057500,0.015000,0.000000,0.000000,0
OH,45616,SCIOTO,0.072500,0.057500,0.015000,0.000000,0.000000,0
OH,45617,ROSS,0.072500,0.057500,0.015000,0.000000,0.000000,0
OH,45618,ADAMS,0.072500,0.057500,0.015000,0.000000,0.000000,0
OH,45619,LAWRENCE,0.072500,0.057500,0.015000,0.000000,0.000000,0
OH,45620,CHESHIRE,0.072500,0.057500,0.015000,0.000000,0.000000,0
OH,45621,COALTON,0.072500,0.057500,0.015000,0.000000,0.000000,0
OH,45622,HOCKING,0.072500,0.057500,0.015000,0.000000,0.000000,0
OH,45623,MASON TOWNSHIP,0.072500,0.057500,0.015000,0.000000,0.000000,0
OH,45624,PIKE,0.072500,0.057500,0.015000,0.000000,0.000000,0
OH,45628,FRANKFORT,0.072500,0.057500,0.015000,0.000000,0.000000,0
OH,45629,LAWRENCE,0.072500,0.057500,0.015000,0.000000,0.000000,0
OH,45630,SCIOTO,0.072500,0.057500,0.015000,0.000000,0.000000,0
OH,45631,GALLIPOLIS,0.072500,0.057500,0.015000,0.000000,0.000000,0
OH,45633,ROSS,0.072500,0.057500,0.015000,0.000000,0.000000,0
OH,45634,VINTON,0.072500,0.057500,0.015000,0.000000,0.000000,0
OH,45636,SCIOTO,0.072500,0.057500,0.015000,0.000000,0.000000,0
OH,45638,LAWRENCE,0.072500,0.057500,0.015000,0.000000,0.000000,0
OH,45640,JACKSON,0.072500,0.057500,0.015000,0.000000,0.000000,0
OH,45642,PIKE,0.072500,0.057500,0.015000,0.000000,0.000000,0
OH,45643,GALLIA,0.072500,0.057500,0.015000,0.000000,0.000000,0
OH,45644,PICKAWAY,0.072500,0.057500,0.015000,0.000000,0.000000,0
OH,45645,MASON TOWNSHIP,0.072500,0.057500,0.015000,0.000000,0.000000,0
OH,45646,PIKE,0.072500,0.057500,0.015000,0.000000,0.000000,0
OH,45647,VINTON,0.072500,0.057500,0.015000,0.000000,0.000000,0
OH,45648,SCIOTO,0.072500,0.057500,0.015000,0.000000,0.000000,0
OH,45650,ADAMS,0.072500,0.057500,0.015000,0.000000,0.000000,0
OH,45651,VINTON,0.072500,0.057500,0.015000,0.000000,0.000000,0
OH,45652,SCIOTO,0.072500,0.057500,0.015000,0.000000,0.000000,0
OH,45653,JACKSON,0.072500,0.057500,0.015000,0.000000,0.000000,0
OH,45654,HOCKING,0.072500,0.057500,0.015000,0.000000,0.000000,0
OH,45656,OAK HILL,0.072500,0.057500,0.015000,0.000000,0.000000,0
OH,45657,RARDEN,0.072500,0.057500,0.015000,0.000000,0.000000,0
OH,45658,GALLIA,0.072500,0.057500,0.015000,0.000000,0.000000,0
OH,45659,MASON TOWNSHIP,0.072500,0.057500,0.015000,0.000000,0.000000,0
OH,45660,PEEBLES,0.072500,0.057500,0.015000,0.000000,0.000000,0
OH,45661,PIKETON,0.072500,0.057500,0.015000,0.000000,0.000000,0
OH,45662,NEW BOSTON,0.072500,0.057500,0.015000,0.000000,0.000000,0
OH,45663,PORTSMOUTH,0.072500,0.057500,0.015000,0.000000,0.000000,0
OH,45669,ATHALIA,0.072500,0.057500,0.015000,0.000000,0.000000,0
OH,45671,RARDEN,0.072500,0.057500,0.015000,0.000000,0.000000,0
OH,45672,VINTON,0.072500,0.057500,0.015000,0.000000,0.000000,0
OH,45673,ROSS,0.072500,0.057500,0.015000,0.000000,0.000000,0
OH,45674,RIO GRANDE,0.072500,0.057500,0.015000,0.000000,0.000000,0
OH,45675,LAWRENCE,0.072500,0.057500,0.015000,0.000000,0.000000,0
OH,45677,SCIOTO,0.072500,0.057500,0.015000,0.000000,0.000000,0
OH,45678,MASON TOWNSHIP,0.072500,0.057500,0.015000,0.000000,0.000000,0
OH,45679,SEAMAN,0.072500,0.057500,0.015000,0.000000,0.000000,0
OH,45680,SOUTH POINT,0.072500,0.057500,0.015000,0.000000,0.000000,0
OH,45681,SOUTH SALEM,0.072500,0.057500,0.015000,0.000000,0.000000,0
OH,45682,SOUTH WEBSTER,0.072500,0.057500,0.015000,0.000000,0.000000,0
OH,45683,PIKE,0.072500,0.057500,0.015000,0.000000,0.000000,0
OH,45684,SCIOTO,0.072500,0.057500,0.015000,0.000000,0.000000,0
OH,45685,CENTERVILLE VILLAGE,0.072500,0.057500,0.015000,0.000000,0.000000,0
OH,45686,VINTON,0.072500,0.057500,0.015000,0.000000,0.000000,0
OH,45687,PIKE,0.072500,0.057500,0.015000,0.000000,0.000000,0
OH,45688,MASON TOWNSHIP,0.072500,0.057500,0.015000,0.000000,0.000000,0
OH,45690,PIKETON,0.072500,0.057500,0.015000,0.000000,0.000000,0
OH,45692,VINTON,0.072500,0.057500,0.015000,0.000000,0.000000,0
OH,45693,WEST UNION,0.072500,0.057500,0.015000,0.000000,0.000000,0
OH,45694,SCIOTO,0.072500,0.057500,0.015000,0.000000,0.000000,0
OH,45695,VINTON,0.072500,0.057500,0.015000,0.000000,0.000000,0
OH,45696,MASON TOWNSHIP,0.072500,0.057500,0.015000,0.000000,0.000000,0
OH,45697,WINCHESTER,0.072500,0.057500,0.015000,0.000000,0.000000,0
OH,45698,ZALESKI,0.072500,0.057500,0.015000,0.000000,0.000000,0
OH,45699,SCIOTO,0.072500,0.057500,0.015000,0.000000,0.000000,0
OH,45701,ATHENS,0.072500,0.057500,0.015000,0.000000,0.000000,0
OH,45710,ALBANY,0.072500,0.057500,0.015000,0.000000,0.000000,0
OH,45711,MORGAN,0.072500,0.057500,0.015000,0.000000,0.000000,0
OH,45712,WASHINGTON,0.072500,0.057500,0.015000,0.000000,0.000000,0
OH,45713,WASHINGTON,0.072500,0.057500,0.015000,0.000000,0.000000,0
OH,45714,BELPRE,0.072500,0.057500,0.015000,0.000000,0.000000,0
OH,45715,BEVERLY,0.072500,0.057500,0.015000,0.000000,0.000000,0
OH,45716,BUCHTEL,0.072500,0.057500,0.015000,0.000000,0.000000,0
OH,45717,ATHENS,0.072500,0.057500,0.015000,0.000000,0.000000,0
OH,45719,CHAUNCEY,0.072500,0.057500,0.015000,0.000000,0.000000,0
OH,45720,MEIGS,0.072500,0.057500,0.015000,0.000000,0.000000,0
OH,45721,WASHINGTON,0.072500,0.057500,0.015000,0.000000,0.000000,0
OH,45723,COOLVILLE,0.072500,0.057500,0.015000,0.000000,0.000000,0
OH,45724,WASHINGTON,0.072500,0.057500,0.015000,0.000000,0.000000,0
OH,45727,DEXTER CITY,0.072500,0.057500,0.015000,0.000000,0.000000,0
OH,45729,WASHINGTON,0.072500,0.057500,0.015000,0.000000,0.000000,0
OH,45732,BUCHTEL,0.072500,0.057500,0.015000,0.000000,0.000000,0
OH,45734,GRAYSVILLE,0.072500,0.057500,0.015000,0.000000,0.000000,0
OH,45735,ATHENS,0.072500,0.057500,0.015000,0.000000,0.000000,0
OH,45739,ATHENS,0.072500,0.057500,0.015000,0.000000,0.000000,0
OH,45740,JACKSONVILLE,0.072500,0.057500,0.015000,0.000000,0.000000,0
OH,45741,VINTON,0.072500,0.057500,0.015000,0.000000,0.000000,0
OH,45742,ATHENS,0.072500,0.057500,0.015000,0.000000,0.000000,0
OH,45743,MEIGS,0.072500,0.057500,0.015000,0.000000,0.000000,0
OH,45744,LOWELL,0.072500,0.057500,0.015000,0.000000,0.000000,0
OH,45745,LOWER SALEM,0.072500,0.057500,0.015000,0.000000,0.000000,0
OH,45746,MACKSBURG,0.072500,0.057500,0.015000,0.000000,0.000000,0
OH,45750,MARIETTA,0.072500,0.057500,0.015000,0.000000,0.000000,0
OH,45760,MIDDLEPORT,0.072500,0.057500,0.015000,0.000000,0.000000,0
OH,45761,CHAUNCEY,0.072500,0.057500,0.015000,0.000000,0.000000,0
OH,45764,HOCKING,0.072500,0.057500,0.015000,0.000000,0.000000,0
OH,45766,VINTON,0.072500,0.057500,0.015000,0.000000,0.000000,0
OH,45767,MATAMORAS,0.072500,0.057500,0.015000,0.000000,0.000000,0
OH,45768,WASHINGTON,0.072500,0.057500,0.015000,0.000000,0.000000,0
OH,45769,POMEROY,0.072500,0.057500,0.015000,0.000000,0.000000,0
OH,45770,MEIGS,0.072500,0.057500,0.015000,0.000000,0.000000,0
OH,45771,SYRACUSE,0.072500,0.057500,0.015000,0.000000,0.000000,0
OH,45772,MEIGS,0.072500,0.057500,0.015000,0.000000,0.000000,0
OH,45773,WASHINGTON,0.072500,0.057500,0.015000,0.000000,0.000000,0
OH,45775,MIDDLEPORT,0.072500,0.057500,0.015000,0.000000,0.000000,0
OH,45776,ATHENS,0.072500,0.057500,0.015000,0.000000,0.000000,0
OH,45777,ATHENS,0.072500,0.057500,0.015000,0.000000,0.000000,0
OH,45778,ATHENS,0.072500,0.057500,0.015000,0.000000,0.000000,0
OH,45779,SYRACUSE,0.072500,0.057500,0.015000,0.000000,0.000000,0
OH,45780,ATHENS,0.072500,0.057500,0.015000,0.000000,0.000000,0
OH,45782,TRIMBLE,0.072500,0.057500,0.015000,0.000000,0.000000,0
OH,45783,MEIGS,0.072500,0.057500,0.015000,0.000000,0.000000,0
OH,45784,WASHINGTON,0.072500,0.057500,0.015000,0.000000,0.000000,0
OH,45786,MORGAN,0.072500,0.057500,0.015000,0.000000,0.000000,0
OH,45787,WASHINGTON,0.072500,0.057500,0.015000,0.000000,0.000000,0
OH,45788,WASHINGTON,0.072500,0.057500,0.015000,0.000000,0.000000,0
OH,45789,MONROE,0.072500,0.057500,0.015000,0.000000,0.000000,0
OH,45801,LIMA,0.068500,0.057500,0.011000,0.000000,0.000000,0
OH,45802,LIMA,0.068500,0.057500,0.011000,0.000000,0.000000,0
OH,45804,LIMA,0.068500,0.057500,0.011000,0.000000,0.000000,0
OH,45805,LIMA,0.068500,0.057500,0.011000,0.000000,0.000000,0
OH,45806,CRIDERSVILLE,0.072500,0.057500,0.015000,0.000000,0.000000,0
OH,45807,PUTNAM,0.070000,0.057500,0.012500,0.000000,0.000000,0
OH,45808,BEAVERDAM,0.068500,0.057500,0.011000,0.000000,0.000000,0
OH,45809,ALLEN,0.068500,0.057500,0.011000,0.000000,0.000000,0
OH,45810,ADA,0.072500,0.057500,0.015000,0.000000,0.000000,0
OH,45812,ALGER,0.072500,0.057500,0.015000,0.000000,0.000000,0
OH,45813,ANTWERP,0.072500,0.057500,0.015000,0.000000,0.000000,0
OH,45814,ARLINGTON,0.067500,0.057500,0.010000,0.000000,0.000000,0
OH,45815,BELMORE,0.070000,0.057500,0.012500,0.000000,0.000000,0
OH,45816,BENTON RIDGE,0.067500,0.057500,0.010000,0.000000,0.000000,0
OH,45817,PUTNAM,0.070000,0.057500,0.012500,0.000000,0.000000,0
OH,45819,BUCKLAND,0.072500,0.057500,0.015000,0.000000,0.000000,0
OH,45820,CAIRO,0.068500,0.057500,0.011000,0.000000,0.000000,0
OH,45821,CECIL,0.072500,0.057500,0.015000,0.000000,0.000000,0
OH,45822,CELINA,0.072500,0.057500,0.015000,0.000000,0.000000,0
OH,45826,CHICKASAW,0.072500,0.057500,0.015000,0.000000,0.000000,0
OH,45827,PAULDING,0.072500,0.057500,0.015000,0.000000,0.000000,0
OH,45828,COLDWATER,0.072500,0.057500,0.015000,0.000000,0.000000,0
OH,45830,COLUMBUS GROVE,0.070000,0.057500,0.012500,0.000000,0.000000,0
OH,45831,HENRY,0.072500,0.057500,0.015000,0.000000,0.000000,0
OH,45832,CONVOY,0.072500,0.057500,0.015000,0.000000,0.000000,0
OH,45833,DELPHOS,0.072500,0.057500,0.015000,0.000000,0.000000,0
OH,45835,HARDIN,0.072500,0.057500,0.015000,0.000000,0.000000,0
OH,45836,DUNKIRK,0.072500,0.057500,0.015000,0.000000,0.000000,0
OH,45837,CONTINENTAL,0.070000,0.057500,0.012500,0.000000,0.000000,0
OH,45838,ELGIN,0.072500,0.057500,0.015000,0.000000,0.000000,0
OH,45839,FINDLAY,0.067500,0.057500,0.010000,0.000000,0.000000,0
OH,45840,FINDLAY,0.067500,0.057500,0.010000,0.000000,0.000000,0
OH,45841,HARDIN,0.072500,0.057500,0.015000,0.000000,0.000000,0
OH,45843,FOREST,0.072500,0.057500,0.015000,0.000000,0.000000,0
OH,45844,VAN WERT,0.072500,0.057500,0.015000,0.000000,0.000000,0
OH,45845,FORT LORAMIE,0.072500,0.057500,0.015000,0.000000,0.000000,0
OH,45846,BURKETTSVILLE,0.072500,0.057500,0.015000,0.000000,0.000000,0
OH,45848,GLANDORF,0.070000,0.057500,0.012500,0.000000,0.000000,0
OH,45849,GROVER HILL,0.072500,0.057500,0.015000,0.000000,0.000000,0
OH,45850,AUGLAIZE,0.072500,0.057500,0.015000,0.000000,0.000000,0
OH,45851,HAVILAND,0.072500,0.057500,0.015000,0.000000,0.000000,0
OH,45853,KALIDA,0.070000,0.057500,0.012500,0.000000,0.000000,0
OH,45854,LAFAYETTE,0.068500,0.057500,0.011000,0.000000,0.000000,0
OH,45855,LATTY,0.072500,0.057500,0.015000,0.000000,0.000000,0
OH,45856,HENRY,0.072500,0.057500,0.015000,0.000000,0.000000,0
OH,45858,PUTNAM,0.070000,0.057500,0.012500,0.000000,0.000000,0
OH,45859,MCGUFFEY,0.072500,0.057500,0.015000,0.000000,0.000000,0
OH,45860,DARKE,0.072500,0.057500,0.015000,0.000000,0.000000,0
OH,45861,MELROSE,0.072500,0.057500,0.015000,0.000000,0.000000,0
OH,45862,MENDON,0.072500,0.057500,0.015000,0.000000,0.000000,0
OH,45863,MIDDLE POINT,0.072500,0.057500,0.015000,0.000000,0.000000,0
OH,45864,MILLER CITY,0.070000,0.057500,0.012500,0.000000,0.000000,0
OH,45865,MINSTER,0.072500,0.057500,0.015000,0.000000,0.000000,0
OH,45866,MONTEZUMA,0.072500,0.057500,0.015000,0.000000,0.000000,0
OH,45867,WYANDOT,0.072500,0.057500,0.015000,0.000000,0.000000,0
OH,45868,PUTNAM,0.070000,0.057500,0.012500,0.000000,0.000000,0
OH,45869,NEW BREMEN,0.072500,0.057500,0.015000,0.000000,0.000000,0
OH,45870,AUGLAIZE,0.072500,0.057500,0.015000,0.000000,0.000000,0
OH,45871,NEW KNOXVILLE,0.072500,0.057500,0.015000,0.000000,0.000000,0
OH,45872,HANCOCK,0.067500,0.057500,0.010000,0.000000,0.000000,0
OH,45873,MELROSE,0.072500,0.057500,0.015000,0.000000,0.000000,0
OH,45874,WREN,0.072500,0.057500,0.015000,0.000000,0.000000,0
OH,45875,GILBOA,0.070000,0.057500,0.012500,0.000000,0.000000,0
OH,45876,OTTOVILLE,0.070000,0.057500,0.012500,0.000000,0.000000,0
OH,45877,PANDORA,0.070000,0.057500,0.012500,0.000000,0.000000,0
OH,45879,LATTY,0.072500,0.057500,0.015000,0.000000,0.000000,0
OH,45880,PAYNE,0.072500,0.057500,0.015000,0.000000,0.000000,0
OH,45881,BENTON RIDGE,0.067500,0.057500,0.010000,0.000000,0.000000,0
OH,45882,ROCKFORD,0.072500,0.057500,0.015000,0.000000,0.000000,0
OH,45883,SAINT HENRY,0.072500,0.057500,0.015000,0.000000,0.000000,0
OH,45884,AUGLAIZE,0.072500,0.057500,0.015000,0.000000,0.000000,0
OH,45885,SAINT MARYS,0.072500,0.057500,0.015000,0.000000,0.000000,0
OH,45886,SCOTT,0.072500,0.057500,0.015000,0.000000,0.000000,0
OH,45887,AUGLAIZE,0.072500,0.057500,0.015000,0.000000,0.000000,0
OH,45888,AUGLAIZE,0.072500,0.057500,0.015000,0.000000,0.000000,0
OH,45889,VAN BUREN,0.067500,0.057500,0.010000,0.000000,0.000000,0
OH,45890,VANLUE,0.067500,0.057500,0.010000,0.000000,0.000000,0
OH,45891,SCOTT,0.072500,0.057500,0.015000,0.000000,0.000000,0
OH,45893,PUTNAM,0.070000,0.057500,0.012500,0.000000,0.000000,0
OH,45894,ELGIN,0.072500,0.057500,0.015000,0.000000,0.000000,0
OH,45895,BUCKLAND,0.072500,0.057500,0.015000,0.000000,0.000000,0
OH,45896,WAYNESFIELD,0.072500,0.057500,0.015000,0.000000,0.000000,0
OH,45897,HANCOCK,0.067500,0.057500,0.010000,0.000000,0.000000,0
OH,45898,WILLSHIRE,0.072500,0.057500,0.015000,0.000000,0.000000,0
OH,45899,WREN,0.072500,0.057500,0.015000,0.000000,0.000000,0
